magic_high,packet_sn,vendor,chip_id,timestamp,status,bandwidth,phy_mode,rx_chain_num,data_len_per_chain,tot_data_length,peer_mac,chain_rssi,chain_phase,agc_gain,mcs,gi_type,coding,stbc,beamformed,dcm,ltf_size,sgi,csi_cnt,csi_ratio,csi_i,csi_q
0xCAFE,62427,mtk,MTK 7916,2000589299,1356464225,20MHz,0,97,0,2048,76:fc:bf:84:12:45,"(-48, 0, 0, 0, 0, 0, 0, 0, 0, 0, 0, 0, 0, 0, 0, 0)","(0, 0, 0, 0, 0, 0, 0, 0, 0, 0, 0, 0, 0, 0, 0, 0)","(0, 0, 0, 0, 0, 0, 0, 0, 0, 0, 0, 0, 0, 0, 0, 0)",11,0,0,0,0,0,0,0,512,,,
0xCAFE,62428,mtk,MTK 7916,2000589299,1356464226,20MHz,0,98,0,2048,76:fc:bf:84:12:45,"(-48, 0, 0, 0, 0, 0, 0, 0, 0, 0, 0, 0, 0, 0, 0, 0)","(0, 0, 0, 0, 0, 0, 0, 0, 0, 0, 0, 0, 0, 0, 0, 0)","(0, 0, 0, 0, 0, 0, 0, 0, 0, 0, 0, 0, 0, 0, 0, 0)",11,0,0,0,0,0,0,0,512,,,
0xCAFE,62429,mtk,MTK 7916,2000589299,1356464227,20MHz,0,99,0,2048,76:fc:bf:84:12:45,"(-48, 0, 0, 0, 0, 0, 0, 0, 0, 0, 0, 0, 0, 0, 0, 0)","(0, 0, 0, 0, 0, 0, 0, 0, 0, 0, 0, 0, 0, 0, 0, 0)","(0, 0, 0, 0, 0, 0, 0, 0, 0, 0, 0, 0, 0, 0, 0, 0)",11,0,0,0,0,0,0,0,512,,,
0xCAFE,62430,mtk,MTK 7916,2000589299,1356464228,20MHz,0,100,0,2048,76:fc:bf:84:12:45,"(-48, 0, 0, 0, 0, 0, 0, 0, 0, 0, 0, 0, 0, 0, 0, 0)","(0, 0, 0, 0, 0, 0, 0, 0, 0, 0, 0, 0, 0, 0, 0, 0)","(0, 0, 0, 0, 0, 0, 0, 0, 0, 0, 0, 0, 0, 0, 0, 0)",11,0,0,0,0,0,0,0,512,,,
0xCAFE,62431,mtk,MTK 7916,2000589299,1356496997,20MHz,0,101,0,2048,76:fc:bf:84:12:45,"(-48, 0, 0, 0, 0, 0, 0, 0, 0, 0, 0, 0, 0, 0, 0, 0)","(0, 0, 0, 0, 0, 0, 0, 0, 0, 0, 0, 0, 0, 0, 0, 0)","(0, 0, 0, 0, 0, 0, 0, 0, 0, 0, 0, 0, 0, 0, 0, 0)",11,0,0,0,0,0,0,0,512,,,
0xCAFE,62432,mtk,MTK 7916,2000632137,1356529760,20MHz,0,96,0,2048,76:fc:bf:84:12:45,"(-49, 0, 0, 0, 0, 0, 0, 0, 0, 0, 0, 0, 0, 0, 0, 0)","(0, 0, 0, 0, 0, 0, 0, 0, 0, 0, 0, 0, 0, 0, 0, 0)","(0, 0, 0, 0, 0, 0, 0, 0, 0, 0, 0, 0, 0, 0, 0, 0)",11,0,0,0,0,0,0,0,512,,,
0xCAFE,62434,mtk,MTK 7916,2000632137,1356529762,20MHz,0,98,0,2048,76:fc:bf:84:12:45,"(-49, 0, 0, 0, 0, 0, 0, 0, 0, 0, 0, 0, 0, 0, 0, 0)","(0, 0, 0, 0, 0, 0, 0, 0, 0, 0, 0, 0, 0, 0, 0, 0)","(0, 0, 0, 0, 0, 0, 0, 0, 0, 0, 0, 0, 0, 0, 0, 0)",11,0,0,0,0,0,0,0,512,,,
0xCAFE,62435,mtk,MTK 7916,2000632137,1356529763,20MHz,0,99,0,2048,76:fc:bf:84:12:45,"(-49, 0, 0, 0, 0, 0, 0, 0, 0, 0, 0, 0, 0, 0, 0, 0)","(0, 0, 0, 0, 0, 0, 0, 0, 0, 0, 0, 0, 0, 0, 0, 0)","(0, 0, 0, 0, 0, 0, 0, 0, 0, 0, 0, 0, 0, 0, 0, 0)",11,0,0,0,0,0,0,0,512,,,
0xCAFE,62436,mtk,MTK 7916,2000632137,1356529764,20MHz,0,100,0,2048,76:fc:bf:84:12:45,"(-49, 0, 0, 0, 0, 0, 0, 0, 0, 0, 0, 0, 0, 0, 0, 0)","(0, 0, 0, 0, 0, 0, 0, 0, 0, 0, 0, 0, 0, 0, 0, 0)","(0, 0, 0, 0, 0, 0, 0, 0, 0, 0, 0, 0, 0, 0, 0, 0)",11,0,0,0,0,0,0,0,512,,,
0xCAFE,62437,mtk,MTK 7916,2000632137,1356562533,20MHz,0,101,0,2048,76:fc:bf:84:12:45,"(-49, 0, 0, 0, 0, 0, 0, 0, 0, 0, 0, 0, 0, 0, 0, 0)","(0, 0, 0, 0, 0, 0, 0, 0, 0, 0, 0, 0, 0, 0, 0, 0)","(0, 0, 0, 0, 0, 0, 0, 0, 0, 0, 0, 0, 0, 0, 0, 0)",11,0,0,0,0,0,0,0,512,,,
0xCAFE,62438,mtk,MTK 7916,2000674810,1356595296,20MHz,0,96,0,2048,76:fc:bf:84:12:45,"(-47, 0, 0, 0, 0, 0, 0, 0, 0, 0, 0, 0, 0, 0, 0, 0)","(0, 0, 0, 0, 0, 0, 0, 0, 0, 0, 0, 0, 0, 0, 0, 0)","(0, 0, 0, 0, 0, 0, 0, 0, 0, 0, 0, 0, 0, 0, 0, 0)",11,0,0,0,0,0,0,0,512,,,
0xCAFE,62439,mtk,MTK 7916,2000674810,1356595297,20MHz,0,97,0,2048,76:fc:bf:84:12:45,"(-47, 0, 0, 0, 0, 0, 0, 0, 0, 0, 0, 0, 0, 0, 0, 0)","(0, 0, 0, 0, 0, 0, 0, 0, 0, 0, 0, 0, 0, 0, 0, 0)","(0, 0, 0, 0, 0, 0, 0, 0, 0, 0, 0, 0, 0, 0, 0, 0)",11,0,0,0,0,0,0,0,512,,,
0xCAFE,62440,mtk,MTK 7916,2000674810,1356595298,20MHz,0,98,0,2048,76:fc:bf:84:12:45,"(-47, 0, 0, 0, 0, 0, 0, 0, 0, 0, 0, 0, 0, 0, 0, 0)","(0, 0, 0, 0, 0, 0, 0, 0, 0, 0, 0, 0, 0, 0, 0, 0)","(0, 0, 0, 0, 0, 0, 0, 0, 0, 0, 0, 0, 0, 0, 0, 0)",11,0,0,0,0,0,0,0,512,,,
0xCAFE,62441,mtk,MTK 7916,2000674810,1356595299,20MHz,0,99,0,2048,76:fc:bf:84:12:45,"(-47, 0, 0, 0, 0, 0, 0, 0, 0, 0, 0, 0, 0, 0, 0, 0)","(0, 0, 0, 0, 0, 0, 0, 0, 0, 0, 0, 0, 0, 0, 0, 0)","(0, 0, 0, 0, 0, 0, 0, 0, 0, 0, 0, 0, 0, 0, 0, 0)",11,0,0,0,0,0,0,0,512,,,
0xCAFE,62442,mtk,MTK 7916,2000674810,1356595300,20MHz,0,100,0,2048,76:fc:bf:84:12:45,"(-47, 0, 0, 0, 0, 0, 0, 0, 0, 0, 0, 0, 0, 0, 0, 0)","(0, 0, 0, 0, 0, 0, 0, 0, 0, 0, 0, 0, 0, 0, 0, 0)","(0, 0, 0, 0, 0, 0, 0, 0, 0, 0, 0, 0, 0, 0, 0, 0)",11,0,0,0,0,0,0,0,512,,,
0xCAFE,62443,mtk,MTK 7916,2000674810,1356628069,20MHz,0,101,0,2048,76:fc:bf:84:12:45,"(-47, 0, 0, 0, 0, 0, 0, 0, 0, 0, 0, 0, 0, 0, 0, 0)","(0, 0, 0, 0, 0, 0, 0, 0, 0, 0, 0, 0, 0, 0, 0, 0)","(0, 0, 0, 0, 0, 0, 0, 0, 0, 0, 0, 0, 0, 0, 0, 0)",11,0,0,0,0,0,0,0,512,,,
0xCAFE,62444,mtk,MTK 7916,2000718478,1356660832,20MHz,0,96,0,2048,76:fc:bf:84:12:45,"(-48, 0, 0, 0, 0, 0, 0, 0, 0, 0, 0, 0, 0, 0, 0, 0)","(0, 0, 0, 0, 0, 0, 0, 0, 0, 0, 0, 0, 0, 0, 0, 0)","(0, 0, 0, 0, 0, 0, 0, 0, 0, 0, 0, 0, 0, 0, 0, 0)",11,0,0,0,0,0,0,0,512,,,
0xCAFE,62445,mtk,MTK 7916,2000718478,1356660833,20MHz,0,97,0,2048,76:fc:bf:84:12:45,"(-48, 0, 0, 0, 0, 0, 0, 0, 0, 0, 0, 0, 0, 0, 0, 0)","(0, 0, 0, 0, 0, 0, 0, 0, 0, 0, 0, 0, 0, 0, 0, 0)","(0, 0, 0, 0, 0, 0, 0, 0, 0, 0, 0, 0, 0, 0, 0, 0)",11,0,0,0,0,0,0,0,512,,,
0xCAFE,62446,mtk,MTK 7916,2000718478,1356660834,20MHz,0,98,0,2048,76:fc:bf:84:12:45,"(-48, 0, 0, 0, 0, 0, 0, 0, 0, 0, 0, 0, 0, 0, 0, 0)","(0, 0, 0, 0, 0, 0, 0, 0, 0, 0, 0, 0, 0, 0, 0, 0)","(0, 0, 0, 0, 0, 0, 0, 0, 0, 0, 0, 0, 0, 0, 0, 0)",11,0,0,0,0,0,0,0,512,,,
0xCAFE,62447,mtk,MTK 7916,2000718478,1356660835,20MHz,0,99,0,2048,76:fc:bf:84:12:45,"(-48, 0, 0, 0, 0, 0, 0, 0, 0, 0, 0, 0, 0, 0, 0, 0)","(0, 0, 0, 0, 0, 0, 0, 0, 0, 0, 0, 0, 0, 0, 0, 0)","(0, 0, 0, 0, 0, 0, 0, 0, 0, 0, 0, 0, 0, 0, 0, 0)",11,0,0,0,0,0,0,0,512,,,
0xCAFE,62448,mtk,MTK 7916,2000718478,1356660836,20MHz,0,100,0,2048,76:fc:bf:84:12:45,"(-48, 0, 0, 0, 0, 0, 0, 0, 0, 0, 0, 0, 0, 0, 0, 0)","(0, 0, 0, 0, 0, 0, 0, 0, 0, 0, 0, 0, 0, 0, 0, 0)","(0, 0, 0, 0, 0, 0, 0, 0, 0, 0, 0, 0, 0, 0, 0, 0)",11,0,0,0,0,0,0,0,512,,,
0xCAFE,62449,mtk,MTK 7916,2000718478,1356693605,20MHz,0,101,0,2048,76:fc:bf:84:12:45,"(-48, 0, 0, 0, 0, 0, 0, 0, 0, 0, 0, 0, 0, 0, 0, 0)","(0, 0, 0, 0, 0, 0, 0, 0, 0, 0, 0, 0, 0, 0, 0, 0)","(0, 0, 0, 0, 0, 0, 0, 0, 0, 0, 0, 0, 0, 0, 0, 0)",11,0,0,0,0,0,0,0,512,,,
0xCAFE,62450,mtk,MTK 7916,2000761940,1356726368,20MHz,0,96,0,2048,76:fc:bf:84:12:45,"(-48, 0, 0, 0, 0, 0, 0, 0, 0, 0, 0, 0, 0, 0, 0, 0)","(0, 0, 0, 0, 0, 0, 0, 0, 0, 0, 0, 0, 0, 0, 0, 0)","(0, 0, 0, 0, 0, 0, 0, 0, 0, 0, 0, 0, 0, 0, 0, 0)",11,0,0,0,0,0,0,0,512,,,
0xCAFE,62451,mtk,MTK 7916,2000761940,1356726369,20MHz,0,97,0,2048,76:fc:bf:84:12:45,"(-48, 0, 0, 0, 0, 0, 0, 0, 0, 0, 0, 0, 0, 0, 0, 0)","(0, 0, 0, 0, 0, 0, 0, 0, 0, 0, 0, 0, 0, 0, 0, 0)","(0, 0, 0, 0, 0, 0, 0, 0, 0, 0, 0, 0, 0, 0, 0, 0)",11,0,0,0,0,0,0,0,512,,,
0xCAFE,62452,mtk,MTK 7916,2000761940,1356726370,20MHz,0,98,0,2048,76:fc:bf:84:12:45,"(-48, 0, 0, 0, 0, 0, 0, 0, 0, 0, 0, 0, 0, 0, 0, 0)","(0, 0, 0, 0, 0, 0, 0, 0, 0, 0, 0, 0, 0, 0, 0, 0)","(0, 0, 0, 0, 0, 0, 0, 0, 0, 0, 0, 0, 0, 0, 0, 0)",11,0,0,0,0,0,0,0,512,,,
0xCAFE,62454,mtk,MTK 7916,2000761940,1356726372,20MHz,0,100,0,2048,76:fc:bf:84:12:45,"(-48, 0, 0, 0, 0, 0, 0, 0, 0, 0, 0, 0, 0, 0, 0, 0)","(0, 0, 0, 0, 0, 0, 0, 0, 0, 0, 0, 0, 0, 0, 0, 0)","(0, 0, 0, 0, 0, 0, 0, 0, 0, 0, 0, 0, 0, 0, 0, 0)",11,0,0,0,0,0,0,0,512,,,
0xCAFE,62455,mtk,MTK 7916,2000761940,1356759141,20MHz,0,101,0,2048,76:fc:bf:84:12:45,"(-48, 0, 0, 0, 0, 0, 0, 0, 0, 0, 0, 0, 0, 0, 0, 0)","(0, 0, 0, 0, 0, 0, 0, 0, 0, 0, 0, 0, 0, 0, 0, 0)","(0, 0, 0, 0, 0, 0, 0, 0, 0, 0, 0, 0, 0, 0, 0, 0)",11,0,0,0,0,0,0,0,512,,,
0xCAFE,62456,mtk,MTK 7916,2000804630,1356791904,20MHz,0,96,0,2048,76:fc:bf:84:12:45,"(-47, 0, 0, 0, 0, 0, 0, 0, 0, 0, 0, 0, 0, 0, 0, 0)","(0, 0, 0, 0, 0, 0, 0, 0, 0, 0, 0, 0, 0, 0, 0, 0)","(0, 0, 0, 0, 0, 0, 0, 0, 0, 0, 0, 0, 0, 0, 0, 0)",11,0,0,0,0,0,0,0,512,,,
0xCAFE,62457,mtk,MTK 7916,2000804630,1356791905,20MHz,0,97,0,2048,76:fc:bf:84:12:45,"(-47, 0, 0, 0, 0, 0, 0, 0, 0, 0, 0, 0, 0, 0, 0, 0)","(0, 0, 0, 0, 0, 0, 0, 0, 0, 0, 0, 0, 0, 0, 0, 0)","(0, 0, 0, 0, 0, 0, 0, 0, 0, 0, 0, 0, 0, 0, 0, 0)",11,0,0,0,0,0,0,0,512,,,
0xCAFE,62458,mtk,MTK 7916,2000804630,1356791906,20MHz,0,98,0,2048,76:fc:bf:84:12:45,"(-47, 0, 0, 0, 0, 0, 0, 0, 0, 0, 0, 0, 0, 0, 0, 0)","(0, 0, 0, 0, 0, 0, 0, 0, 0, 0, 0, 0, 0, 0, 0, 0)","(0, 0, 0, 0, 0, 0, 0, 0, 0, 0, 0, 0, 0, 0, 0, 0)",11,0,0,0,0,0,0,0,512,,,
0xCAFE,62459,mtk,MTK 7916,2000804630,1356791907,20MHz,0,99,0,2048,76:fc:bf:84:12:45,"(-47, 0, 0, 0, 0, 0, 0, 0, 0, 0, 0, 0, 0, 0, 0, 0)","(0, 0, 0, 0, 0, 0, 0, 0, 0, 0, 0, 0, 0, 0, 0, 0)","(0, 0, 0, 0, 0, 0, 0, 0, 0, 0, 0, 0, 0, 0, 0, 0)",11,0,0,0,0,0,0,0,512,,,
0xCAFE,62460,mtk,MTK 7916,2000804630,1356791908,20MHz,0,100,0,2048,76:fc:bf:84:12:45,"(-47, 0, 0, 0, 0, 0, 0, 0, 0, 0, 0, 0, 0, 0, 0, 0)","(0, 0, 0, 0, 0, 0, 0, 0, 0, 0, 0, 0, 0, 0, 0, 0)","(0, 0, 0, 0, 0, 0, 0, 0, 0, 0, 0, 0, 0, 0, 0, 0)",11,0,0,0,0,0,0,0,512,,,
0xCAFE,62461,mtk,MTK 7916,2000804630,1356824677,20MHz,0,101,0,2048,76:fc:bf:84:12:45,"(-47, 0, 0, 0, 0, 0, 0, 0, 0, 0, 0, 0, 0, 0, 0, 0)","(0, 0, 0, 0, 0, 0, 0, 0, 0, 0, 0, 0, 0, 0, 0, 0)","(0, 0, 0, 0, 0, 0, 0, 0, 0, 0, 0, 0, 0, 0, 0, 0)",11,0,0,0,0,0,0,0,512,,,
0xCAFE,62462,mtk,MTK 7916,2000848560,1356857440,20MHz,0,96,0,2048,76:fc:bf:84:12:45,"(-48, 0, 0, 0, 0, 0, 0, 0, 0, 0, 0, 0, 0, 0, 0, 0)","(0, 0, 0, 0, 0, 0, 0, 0, 0, 0, 0, 0, 0, 0, 0, 0)","(0, 0, 0, 0, 0, 0, 0, 0, 0, 0, 0, 0, 0, 0, 0, 0)",11,0,0,0,0,0,0,0,512,,,
0xCAFE,62463,mtk,MTK 7916,2000848560,1356857441,20MHz,0,97,0,2048,76:fc:bf:84:12:45,"(-48, 0, 0, 0, 0, 0, 0, 0, 0, 0, 0, 0, 0, 0, 0, 0)","(0, 0, 0, 0, 0, 0, 0, 0, 0, 0, 0, 0, 0, 0, 0, 0)","(0, 0, 0, 0, 0, 0, 0, 0, 0, 0, 0, 0, 0, 0, 0, 0)",11,0,0,0,0,0,0,0,512,,,
0xCAFE,62464,mtk,MTK 7916,2000848560,1356857442,20MHz,0,98,0,2048,76:fc:bf:84:12:45,"(-48, 0, 0, 0, 0, 0, 0, 0, 0, 0, 0, 0, 0, 0, 0, 0)","(0, 0, 0, 0, 0, 0, 0, 0, 0, 0, 0, 0, 0, 0, 0, 0)","(0, 0, 0, 0, 0, 0, 0, 0, 0, 0, 0, 0, 0, 0, 0, 0)",11,0,0,0,0,0,0,0,512,,,
0xCAFE,62465,mtk,MTK 7916,2000848560,1356857443,20MHz,0,99,0,2048,76:fc:bf:84:12:45,"(-48, 0, 0, 0, 0, 0, 0, 0, 0, 0, 0, 0, 0, 0, 0, 0)","(0, 0, 0, 0, 0, 0, 0, 0, 0, 0, 0, 0, 0, 0, 0, 0)","(0, 0, 0, 0, 0, 0, 0, 0, 0, 0, 0, 0, 0, 0, 0, 0)",11,0,0,0,0,0,0,0,512,,,
0xCAFE,62466,mtk,MTK 7916,2000848560,1356857444,20MHz,0,100,0,2048,76:fc:bf:84:12:45,"(-48, 0, 0, 0, 0, 0, 0, 0, 0, 0, 0, 0, 0, 0, 0, 0)","(0, 0, 0, 0, 0, 0, 0, 0, 0, 0, 0, 0, 0, 0, 0, 0)","(0, 0, 0, 0, 0, 0, 0, 0, 0, 0, 0, 0, 0, 0, 0, 0)",11,0,0,0,0,0,0,0,512,,,
0xCAFE,62467,mtk,MTK 7916,2000848560,1356890213,20MHz,0,101,0,2048,76:fc:bf:84:12:45,"(-48, 0, 0, 0, 0, 0, 0, 0, 0, 0, 0, 0, 0, 0, 0, 0)","(0, 0, 0, 0, 0, 0, 0, 0, 0, 0, 0, 0, 0, 0, 0, 0)","(0, 0, 0, 0, 0, 0, 0, 0, 0, 0, 0, 0, 0, 0, 0, 0)",11,0,0,0,0,0,0,0,512,,,
0xCAFE,62468,mtk,MTK 7916,2000885297,1356922976,20MHz,0,96,0,2048,76:fc:bf:84:12:45,"(-47, 0, 0, 0, 0, 0, 0, 0, 0, 0, 0, 0, 0, 0, 0, 0)","(0, 0, 0, 0, 0, 0, 0, 0, 0, 0, 0, 0, 0, 0, 0, 0)","(0, 0, 0, 0, 0, 0, 0, 0, 0, 0, 0, 0, 0, 0, 0, 0)",11,0,0,0,0,0,0,0,512,,,
0xCAFE,62469,mtk,MTK 7916,2000885297,1356922977,20MHz,0,97,0,2048,76:fc:bf:84:12:45,"(-47, 0, 0, 0, 0, 0, 0, 0, 0, 0, 0, 0, 0, 0, 0, 0)","(0, 0, 0, 0, 0, 0, 0, 0, 0, 0, 0, 0, 0, 0, 0, 0)","(0, 0, 0, 0, 0, 0, 0, 0, 0, 0, 0, 0, 0, 0, 0, 0)",11,0,0,0,0,0,0,0,512,,,
0xCAFE,62470,mtk,MTK 7916,2000885297,1356922978,20MHz,0,98,0,2048,76:fc:bf:84:12:45,"(-47, 0, 0, 0, 0, 0, 0, 0, 0, 0, 0, 0, 0, 0, 0, 0)","(0, 0, 0, 0, 0, 0, 0, 0, 0, 0, 0, 0, 0, 0, 0, 0)","(0, 0, 0, 0, 0, 0, 0, 0, 0, 0, 0, 0, 0, 0, 0, 0)",11,0,0,0,0,0,0,0,512,,,
0xCAFE,62474,mtk,MTK 7916,2000933433,1356988512,20MHz,0,96,0,2048,76:fc:bf:84:12:45,"(-47, 0, 0, 0, 0, 0, 0, 0, 0, 0, 0, 0, 0, 0, 0, 0)","(0, 0, 0, 0, 0, 0, 0, 0, 0, 0, 0, 0, 0, 0, 0, 0)","(0, 0, 0, 0, 0, 0, 0, 0, 0, 0, 0, 0, 0, 0, 0, 0)",11,0,0,0,0,0,0,0,512,,,
0xCAFE,62475,mtk,MTK 7916,2000933433,1356988513,20MHz,0,97,0,2048,76:fc:bf:84:12:45,"(-47, 0, 0, 0, 0, 0, 0, 0, 0, 0, 0, 0, 0, 0, 0, 0)","(0, 0, 0, 0, 0, 0, 0, 0, 0, 0, 0, 0, 0, 0, 0, 0)","(0, 0, 0, 0, 0, 0, 0, 0, 0, 0, 0, 0, 0, 0, 0, 0)",11,0,0,0,0,0,0,0,512,,,
0xCAFE,62476,mtk,MTK 7916,2000933433,1356988514,20MHz,0,98,0,2048,76:fc:bf:84:12:45,"(-47, 0, 0, 0, 0, 0, 0, 0, 0, 0, 0, 0, 0, 0, 0, 0)","(0, 0, 0, 0, 0, 0, 0, 0, 0, 0, 0, 0, 0, 0, 0, 0)","(0, 0, 0, 0, 0, 0, 0, 0, 0, 0, 0, 0, 0, 0, 0, 0)",11,0,0,0,0,0,0,0,512,,,
0xCAFE,62477,mtk,MTK 7916,2000933433,1356988515,20MHz,0,99,0,2048,76:fc:bf:84:12:45,"(-47, 0, 0, 0, 0, 0, 0, 0, 0, 0, 0, 0, 0, 0, 0, 0)","(0, 0, 0, 0, 0, 0, 0, 0, 0, 0, 0, 0, 0, 0, 0, 0)","(0, 0, 0, 0, 0, 0, 0, 0, 0, 0, 0, 0, 0, 0, 0, 0)",11,0,0,0,0,0,0,0,512,,,
0xCAFE,62478,mtk,MTK 7916,2000933433,1356988516,20MHz,0,100,0,2048,76:fc:bf:84:12:45,"(-47, 0, 0, 0, 0, 0, 0, 0, 0, 0, 0, 0, 0, 0, 0, 0)","(0, 0, 0, 0, 0, 0, 0, 0, 0, 0, 0, 0, 0, 0, 0, 0)","(0, 0, 0, 0, 0, 0, 0, 0, 0, 0, 0, 0, 0, 0, 0, 0)",11,0,0,0,0,0,0,0,512,,,
0xCAFE,62479,mtk,MTK 7916,2000933433,1357021285,20MHz,0,101,0,2048,76:fc:bf:84:12:45,"(-47, 0, 0, 0, 0, 0, 0, 0, 0, 0, 0, 0, 0, 0, 0, 0)","(0, 0, 0, 0, 0, 0, 0, 0, 0, 0, 0, 0, 0, 0, 0, 0)","(0, 0, 0, 0, 0, 0, 0, 0, 0, 0, 0, 0, 0, 0, 0, 0)",11,0,0,0,0,0,0,0,512,,,
0xCAFE,62480,mtk,MTK 7916,2000977040,1357054048,20MHz,0,96,0,2048,76:fc:bf:84:12:45,"(-47, 0, 0, 0, 0, 0, 0, 0, 0, 0, 0, 0, 0, 0, 0, 0)","(0, 0, 0, 0, 0, 0, 0, 0, 0, 0, 0, 0, 0, 0, 0, 0)","(0, 0, 0, 0, 0, 0, 0, 0, 0, 0, 0, 0, 0, 0, 0, 0)",11,0,0,0,0,0,0,0,512,,,
0xCAFE,62481,mtk,MTK 7916,2000977040,1357054049,20MHz,0,97,0,2048,76:fc:bf:84:12:45,"(-47, 0, 0, 0, 0, 0, 0, 0, 0, 0, 0, 0, 0, 0, 0, 0)","(0, 0, 0, 0, 0, 0, 0, 0, 0, 0, 0, 0, 0, 0, 0, 0)","(0, 0, 0, 0, 0, 0, 0, 0, 0, 0, 0, 0, 0, 0, 0, 0)",11,0,0,0,0,0,0,0,512,,,
0xCAFE,62482,mtk,MTK 7916,2000977040,1357054050,20MHz,0,98,0,2048,76:fc:bf:84:12:45,"(-47, 0, 0, 0, 0, 0, 0, 0, 0, 0, 0, 0, 0, 0, 0, 0)","(0, 0, 0, 0, 0, 0, 0, 0, 0, 0, 0, 0, 0, 0, 0, 0)","(0, 0, 0, 0, 0, 0, 0, 0, 0, 0, 0, 0, 0, 0, 0, 0)",11,0,0,0,0,0,0,0,512,,,
0xCAFE,62483,mtk,MTK 7916,2000977040,1357054051,20MHz,0,99,0,2048,76:fc:bf:84:12:45,"(-47, 0, 0, 0, 0, 0, 0, 0, 0, 0, 0, 0, 0, 0, 0, 0)","(0, 0, 0, 0, 0, 0, 0, 0, 0, 0, 0, 0, 0, 0, 0, 0)","(0, 0, 0, 0, 0, 0, 0, 0, 0, 0, 0, 0, 0, 0, 0, 0)",11,0,0,0,0,0,0,0,512,,,
0xCAFE,62484,mtk,MTK 7916,2000977040,1357054052,20MHz,0,100,0,2048,76:fc:bf:84:12:45,"(-47, 0, 0, 0, 0, 0, 0, 0, 0, 0, 0, 0, 0, 0, 0, 0)","(0, 0, 0, 0, 0, 0, 0, 0, 0, 0, 0, 0, 0, 0, 0, 0)","(0, 0, 0, 0, 0, 0, 0, 0, 0, 0, 0, 0, 0, 0, 0, 0)",11,0,0,0,0,0,0,0,512,,,
0xCAFE,62485,mtk,MTK 7916,2000977040,1357086821,20MHz,0,101,0,2048,76:fc:bf:84:12:45,"(-47, 0, 0, 0, 0, 0, 0, 0, 0, 0, 0, 0, 0, 0, 0, 0)","(0, 0, 0, 0, 0, 0, 0, 0, 0, 0, 0, 0, 0, 0, 0, 0)","(0, 0, 0, 0, 0, 0, 0, 0, 0, 0, 0, 0, 0, 0, 0, 0)",11,0,0,0,0,0,0,0,512,,,
0xCAFE,62486,mtk,MTK 7916,2001020521,1357119584,20MHz,0,96,0,2048,76:fc:bf:84:12:45,"(-47, 0, 0, 0, 0, 0, 0, 0, 0, 0, 0, 0, 0, 0, 0, 0)","(0, 0, 0, 0, 0, 0, 0, 0, 0, 0, 0, 0, 0, 0, 0, 0)","(0, 0, 0, 0, 0, 0, 0, 0, 0, 0, 0, 0, 0, 0, 0, 0)",11,0,0,0,0,0,0,0,512,,,
0xCAFE,62487,mtk,MTK 7916,2001020521,1357119585,20MHz,0,97,0,2048,76:fc:bf:84:12:45,"(-47, 0, 0, 0, 0, 0, 0, 0, 0, 0, 0, 0, 0, 0, 0, 0)","(0, 0, 0, 0, 0, 0, 0, 0, 0, 0, 0, 0, 0, 0, 0, 0)","(0, 0, 0, 0, 0, 0, 0, 0, 0, 0, 0, 0, 0, 0, 0, 0)",11,0,0,0,0,0,0,0,512,,,
0xCAFE,62488,mtk,MTK 7916,2001020521,1357119586,20MHz,0,98,0,2048,76:fc:bf:84:12:45,"(-47, 0, 0, 0, 0, 0, 0, 0, 0, 0, 0, 0, 0, 0, 0, 0)","(0, 0, 0, 0, 0, 0, 0, 0, 0, 0, 0, 0, 0, 0, 0, 0)","(0, 0, 0, 0, 0, 0, 0, 0, 0, 0, 0, 0, 0, 0, 0, 0)",11,0,0,0,0,0,0,0,512,,,
0xCAFE,62489,mtk,MTK 7916,2001020521,1357119587,20MHz,0,99,0,2048,76:fc:bf:84:12:45,"(-47, 0, 0, 0, 0, 0, 0, 0, 0, 0, 0, 0, 0, 0, 0, 0)","(0, 0, 0, 0, 0, 0, 0, 0, 0, 0, 0, 0, 0, 0, 0, 0)","(0, 0, 0, 0, 0, 0, 0, 0, 0, 0, 0, 0, 0, 0, 0, 0)",11,0,0,0,0,0,0,0,512,,,
0xCAFE,62490,mtk,MTK 7916,2001020521,1357119588,20MHz,0,100,0,2048,76:fc:bf:84:12:45,"(-47, 0, 0, 0, 0, 0, 0, 0, 0, 0, 0, 0, 0, 0, 0, 0)","(0, 0, 0, 0, 0, 0, 0, 0, 0, 0, 0, 0, 0, 0, 0, 0)","(0, 0, 0, 0, 0, 0, 0, 0, 0, 0, 0, 0, 0, 0, 0, 0)",11,0,0,0,0,0,0,0,512,,,
0xCAFE,62491,mtk,MTK 7916,2001020521,1357152357,20MHz,0,101,0,2048,76:fc:bf:84:12:45,"(-47, 0, 0, 0, 0, 0, 0, 0, 0, 0, 0, 0, 0, 0, 0, 0)","(0, 0, 0, 0, 0, 0, 0, 0, 0, 0, 0, 0, 0, 0, 0, 0)","(0, 0, 0, 0, 0, 0, 0, 0, 0, 0, 0, 0, 0, 0, 0, 0)",11,0,0,0,0,0,0,0,512,,,
0xCAFE,62494,mtk,MTK 7916,2001063701,1357185122,20MHz,0,98,0,2048,76:fc:bf:84:12:45,"(-48, 0, 0, 0, 0, 0, 0, 0, 0, 0, 0, 0, 0, 0, 0, 0)","(0, 0, 0, 0, 0, 0, 0, 0, 0, 0, 0, 0, 0, 0, 0, 0)","(0, 0, 0, 0, 0, 0, 0, 0, 0, 0, 0, 0, 0, 0, 0, 0)",11,0,0,0,0,0,0,0,512,,,
0xCAFE,62495,mtk,MTK 7916,2001063701,1357185123,20MHz,0,99,0,2048,76:fc:bf:84:12:45,"(-48, 0, 0, 0, 0, 0, 0, 0, 0, 0, 0, 0, 0, 0, 0, 0)","(0, 0, 0, 0, 0, 0, 0, 0, 0, 0, 0, 0, 0, 0, 0, 0)","(0, 0, 0, 0, 0, 0, 0, 0, 0, 0, 0, 0, 0, 0, 0, 0)",11,0,0,0,0,0,0,0,512,,,
0xCAFE,62496,mtk,MTK 7916,2001063701,1357185124,20MHz,0,100,0,2048,76:fc:bf:84:12:45,"(-48, 0, 0, 0, 0, 0, 0, 0, 0, 0, 0, 0, 0, 0, 0, 0)","(0, 0, 0, 0, 0, 0, 0, 0, 0, 0, 0, 0, 0, 0, 0, 0)","(0, 0, 0, 0, 0, 0, 0, 0, 0, 0, 0, 0, 0, 0, 0, 0)",11,0,0,0,0,0,0,0,512,,,
0xCAFE,62497,mtk,MTK 7916,2001063701,1357217893,20MHz,0,101,0,2048,76:fc:bf:84:12:45,"(-48, 0, 0, 0, 0, 0, 0, 0, 0, 0, 0, 0, 0, 0, 0, 0)","(0, 0, 0, 0, 0, 0, 0, 0, 0, 0, 0, 0, 0, 0, 0, 0)","(0, 0, 0, 0, 0, 0, 0, 0, 0, 0, 0, 0, 0, 0, 0, 0)",11,0,0,0,0,0,0,0,512,,,
0xCAFE,62498,mtk,MTK 7916,2001104633,1357250656,20MHz,0,96,0,2048,76:fc:bf:84:12:45,"(-47, 0, 0, 0, 0, 0, 0, 0, 0, 0, 0, 0, 0, 0, 0, 0)","(0, 0, 0, 0, 0, 0, 0, 0, 0, 0, 0, 0, 0, 0, 0, 0)","(0, 0, 0, 0, 0, 0, 0, 0, 0, 0, 0, 0, 0, 0, 0, 0)",11,0,0,0,0,0,0,0,512,,,
0xCAFE,62499,mtk,MTK 7916,2001104633,1357250657,20MHz,0,97,0,2048,76:fc:bf:84:12:45,"(-47, 0, 0, 0, 0, 0, 0, 0, 0, 0, 0, 0, 0, 0, 0, 0)","(0, 0, 0, 0, 0, 0, 0, 0, 0, 0, 0, 0, 0, 0, 0, 0)","(0, 0, 0, 0, 0, 0, 0, 0, 0, 0, 0, 0, 0, 0, 0, 0)",11,0,0,0,0,0,0,0,512,,,
0xCAFE,62500,mtk,MTK 7916,2001104633,1357250658,20MHz,0,98,0,2048,76:fc:bf:84:12:45,"(-47, 0, 0, 0, 0, 0, 0, 0, 0, 0, 0, 0, 0, 0, 0, 0)","(0, 0, 0, 0, 0, 0, 0, 0, 0, 0, 0, 0, 0, 0, 0, 0)","(0, 0, 0, 0, 0, 0, 0, 0, 0, 0, 0, 0, 0, 0, 0, 0)",11,0,0,0,0,0,0,0,512,,,
0xCAFE,62501,mtk,MTK 7916,2001104633,1357250659,20MHz,0,99,0,2048,76:fc:bf:84:12:45,"(-47, 0, 0, 0, 0, 0, 0, 0, 0, 0, 0, 0, 0, 0, 0, 0)","(0, 0, 0, 0, 0, 0, 0, 0, 0, 0, 0, 0, 0, 0, 0, 0)","(0, 0, 0, 0, 0, 0, 0, 0, 0, 0, 0, 0, 0, 0, 0, 0)",11,0,0,0,0,0,0,0,512,,,
0xCAFE,62502,mtk,MTK 7916,2001104633,1357250660,20MHz,0,100,0,2048,76:fc:bf:84:12:45,"(-47, 0, 0, 0, 0, 0, 0, 0, 0, 0, 0, 0, 0, 0, 0, 0)","(0, 0, 0, 0, 0, 0, 0, 0, 0, 0, 0, 0, 0, 0, 0, 0)","(0, 0, 0, 0, 0, 0, 0, 0, 0, 0, 0, 0, 0, 0, 0, 0)",11,0,0,0,0,0,0,0,512,,,
0xCAFE,62503,mtk,MTK 7916,2001104633,1357283429,20MHz,0,101,0,2048,76:fc:bf:84:12:45,"(-47, 0, 0, 0, 0, 0, 0, 0, 0, 0, 0, 0, 0, 0, 0, 0)","(0, 0, 0, 0, 0, 0, 0, 0, 0, 0, 0, 0, 0, 0, 0, 0)","(0, 0, 0, 0, 0, 0, 0, 0, 0, 0, 0, 0, 0, 0, 0, 0)",11,0,0,0,0,0,0,0,512,,,
0xCAFE,62504,mtk,MTK 7916,2001148894,1357316192,20MHz,0,96,0,2048,76:fc:bf:84:12:45,"(-46, 0, 0, 0, 0, 0, 0, 0, 0, 0, 0, 0, 0, 0, 0, 0)","(0, 0, 0, 0, 0, 0, 0, 0, 0, 0, 0, 0, 0, 0, 0, 0)","(0, 0, 0, 0, 0, 0, 0, 0, 0, 0, 0, 0, 0, 0, 0, 0)",11,0,0,0,0,0,0,0,512,,,
0xCAFE,62505,mtk,MTK 7916,2001148894,1357316193,20MHz,0,97,0,2048,76:fc:bf:84:12:45,"(-46, 0, 0, 0, 0, 0, 0, 0, 0, 0, 0, 0, 0, 0, 0, 0)","(0, 0, 0, 0, 0, 0, 0, 0, 0, 0, 0, 0, 0, 0, 0, 0)","(0, 0, 0, 0, 0, 0, 0, 0, 0, 0, 0, 0, 0, 0, 0, 0)",11,0,0,0,0,0,0,0,512,,,
0xCAFE,62506,mtk,MTK 7916,2001148894,1357316194,20MHz,0,98,0,2048,76:fc:bf:84:12:45,"(-46, 0, 0, 0, 0, 0, 0, 0, 0, 0, 0, 0, 0, 0, 0, 0)","(0, 0, 0, 0, 0, 0, 0, 0, 0, 0, 0, 0, 0, 0, 0, 0)","(0, 0, 0, 0, 0, 0, 0, 0, 0, 0, 0, 0, 0, 0, 0, 0)",11,0,0,0,0,0,0,0,512,,,
0xCAFE,62507,mtk,MTK 7916,2001148894,1357316195,20MHz,0,99,0,2048,76:fc:bf:84:12:45,"(-46, 0, 0, 0, 0, 0, 0, 0, 0, 0, 0, 0, 0, 0, 0, 0)","(0, 0, 0, 0, 0, 0, 0, 0, 0, 0, 0, 0, 0, 0, 0, 0)","(0, 0, 0, 0, 0, 0, 0, 0, 0, 0, 0, 0, 0, 0, 0, 0)",11,0,0,0,0,0,0,0,512,,,
0xCAFE,62508,mtk,MTK 7916,2001148894,1357316196,20MHz,0,100,0,2048,76:fc:bf:84:12:45,"(-46, 0, 0, 0, 0, 0, 0, 0, 0, 0, 0, 0, 0, 0, 0, 0)","(0, 0, 0, 0, 0, 0, 0, 0, 0, 0, 0, 0, 0, 0, 0, 0)","(0, 0, 0, 0, 0, 0, 0, 0, 0, 0, 0, 0, 0, 0, 0, 0)",11,0,0,0,0,0,0,0,512,,,
0xCAFE,62509,mtk,MTK 7916,2001148894,1357348965,20MHz,0,101,0,2048,76:fc:bf:84:12:45,"(-46, 0, 0, 0, 0, 0, 0, 0, 0, 0, 0, 0, 0, 0, 0, 0)","(0, 0, 0, 0, 0, 0, 0, 0, 0, 0, 0, 0, 0, 0, 0, 0)","(0, 0, 0, 0, 0, 0, 0, 0, 0, 0, 0, 0, 0, 0, 0, 0)",11,0,0,0,0,0,0,0,512,,,
0xCAFE,62510,mtk,MTK 7916,2001190880,1357381728,20MHz,0,96,0,2048,76:fc:bf:84:12:45,"(-47, 0, 0, 0, 0, 0, 0, 0, 0, 0, 0, 0, 0, 0, 0, 0)","(0, 0, 0, 0, 0, 0, 0, 0, 0, 0, 0, 0, 0, 0, 0, 0)","(0, 0, 0, 0, 0, 0, 0, 0, 0, 0, 0, 0, 0, 0, 0, 0)",11,0,0,0,0,0,0,0,512,,,
0xCAFE,62514,mtk,MTK 7916,2001190880,1357381732,20MHz,0,100,0,2048,76:fc:bf:84:12:45,"(-47, 0, 0, 0, 0, 0, 0, 0, 0, 0, 0, 0, 0, 0, 0, 0)","(0, 0, 0, 0, 0, 0, 0, 0, 0, 0, 0, 0, 0, 0, 0, 0)","(0, 0, 0, 0, 0, 0, 0, 0, 0, 0, 0, 0, 0, 0, 0, 0)",11,0,0,0,0,0,0,0,512,,,
0xCAFE,62515,mtk,MTK 7916,2001190880,1357414501,20MHz,0,101,0,2048,76:fc:bf:84:12:45,"(-47, 0, 0, 0, 0, 0, 0, 0, 0, 0, 0, 0, 0, 0, 0, 0)","(0, 0, 0, 0, 0, 0, 0, 0, 0, 0, 0, 0, 0, 0, 0, 0)","(0, 0, 0, 0, 0, 0, 0, 0, 0, 0, 0, 0, 0, 0, 0, 0)",11,0,0,0,0,0,0,0,512,,,
0xCAFE,62516,mtk,MTK 7916,2001232548,1357447264,20MHz,0,96,0,2048,76:fc:bf:84:12:45,"(-49, 0, 0, 0, 0, 0, 0, 0, 0, 0, 0, 0, 0, 0, 0, 0)","(0, 0, 0, 0, 0, 0, 0, 0, 0, 0, 0, 0, 0, 0, 0, 0)","(0, 0, 0, 0, 0, 0, 0, 0, 0, 0, 0, 0, 0, 0, 0, 0)",11,0,0,0,0,0,0,0,512,,,
0xCAFE,62517,mtk,MTK 7916,2001232548,1357447265,20MHz,0,97,0,2048,76:fc:bf:84:12:45,"(-49, 0, 0, 0, 0, 0, 0, 0, 0, 0, 0, 0, 0, 0, 0, 0)","(0, 0, 0, 0, 0, 0, 0, 0, 0, 0, 0, 0, 0, 0, 0, 0)","(0, 0, 0, 0, 0, 0, 0, 0, 0, 0, 0, 0, 0, 0, 0, 0)",11,0,0,0,0,0,0,0,512,,,
0xCAFE,62518,mtk,MTK 7916,2001232548,1357447266,20MHz,0,98,0,2048,76:fc:bf:84:12:45,"(-49, 0, 0, 0, 0, 0, 0, 0, 0, 0, 0, 0, 0, 0, 0, 0)","(0, 0, 0, 0, 0, 0, 0, 0, 0, 0, 0, 0, 0, 0, 0, 0)","(0, 0, 0, 0, 0, 0, 0, 0, 0, 0, 0, 0, 0, 0, 0, 0)",11,0,0,0,0,0,0,0,512,,,
0xCAFE,62519,mtk,MTK 7916,2001232548,1357447267,20MHz,0,99,0,2048,76:fc:bf:84:12:45,"(-49, 0, 0, 0, 0, 0, 0, 0, 0, 0, 0, 0, 0, 0, 0, 0)","(0, 0, 0, 0, 0, 0, 0, 0, 0, 0, 0, 0, 0, 0, 0, 0)","(0, 0, 0, 0, 0, 0, 0, 0, 0, 0, 0, 0, 0, 0, 0, 0)",11,0,0,0,0,0,0,0,512,,,
0xCAFE,62520,mtk,MTK 7916,2001232548,1357447268,20MHz,0,100,0,2048,76:fc:bf:84:12:45,"(-49, 0, 0, 0, 0, 0, 0, 0, 0, 0, 0, 0, 0, 0, 0, 0)","(0, 0, 0, 0, 0, 0, 0, 0, 0, 0, 0, 0, 0, 0, 0, 0)","(0, 0, 0, 0, 0, 0, 0, 0, 0, 0, 0, 0, 0, 0, 0, 0)",11,0,0,0,0,0,0,0,512,,,
0xCAFE,62521,mtk,MTK 7916,2001232548,1357480037,20MHz,0,101,0,2048,76:fc:bf:84:12:45,"(-49, 0, 0, 0, 0, 0, 0, 0, 0, 0, 0, 0, 0, 0, 0, 0)","(0, 0, 0, 0, 0, 0, 0, 0, 0, 0, 0, 0, 0, 0, 0, 0)","(0, 0, 0, 0, 0, 0, 0, 0, 0, 0, 0, 0, 0, 0, 0, 0)",11,0,0,0,0,0,0,0,512,,,
0xCAFE,62522,mtk,MTK 7916,2001276369,1357512800,20MHz,0,96,0,2048,76:fc:bf:84:12:45,"(-47, 0, 0, 0, 0, 0, 0, 0, 0, 0, 0, 0, 0, 0, 0, 0)","(0, 0, 0, 0, 0, 0, 0, 0, 0, 0, 0, 0, 0, 0, 0, 0)","(0, 0, 0, 0, 0, 0, 0, 0, 0, 0, 0, 0, 0, 0, 0, 0)",11,0,0,0,0,0,0,0,512,,,
0xCAFE,62523,mtk,MTK 7916,2001276369,1357512801,20MHz,0,97,0,2048,76:fc:bf:84:12:45,"(-47, 0, 0, 0, 0, 0, 0, 0, 0, 0, 0, 0, 0, 0, 0, 0)","(0, 0, 0, 0, 0, 0, 0, 0, 0, 0, 0, 0, 0, 0, 0, 0)","(0, 0, 0, 0, 0, 0, 0, 0, 0, 0, 0, 0, 0, 0, 0, 0)",11,0,0,0,0,0,0,0,512,,,
0xCAFE,62524,mtk,MTK 7916,2001276369,1357512802,20MHz,0,98,0,2048,76:fc:bf:84:12:45,"(-47, 0, 0, 0, 0, 0, 0, 0, 0, 0, 0, 0, 0, 0, 0, 0)","(0, 0, 0, 0, 0, 0, 0, 0, 0, 0, 0, 0, 0, 0, 0, 0)","(0, 0, 0, 0, 0, 0, 0, 0, 0, 0, 0, 0, 0, 0, 0, 0)",11,0,0,0,0,0,0,0,512,,,
0xCAFE,62525,mtk,MTK 7916,2001276369,1357512803,20MHz,0,99,0,2048,76:fc:bf:84:12:45,"(-47, 0, 0, 0, 0, 0, 0, 0, 0, 0, 0, 0, 0, 0, 0, 0)","(0, 0, 0, 0, 0, 0, 0, 0, 0, 0, 0, 0, 0, 0, 0, 0)","(0, 0, 0, 0, 0, 0, 0, 0, 0, 0, 0, 0, 0, 0, 0, 0)",11,0,0,0,0,0,0,0,512,,,
0xCAFE,62526,mtk,MTK 7916,2001276369,1357512804,20MHz,0,100,0,2048,76:fc:bf:84:12:45,"(-47, 0, 0, 0, 0, 0, 0, 0, 0, 0, 0, 0, 0, 0, 0, 0)","(0, 0, 0, 0, 0, 0, 0, 0, 0, 0, 0, 0, 0, 0, 0, 0)","(0, 0, 0, 0, 0, 0, 0, 0, 0, 0, 0, 0, 0, 0, 0, 0)",11,0,0,0,0,0,0,0,512,,,
0xCAFE,62527,mtk,MTK 7916,2001276369,1357545573,20MHz,0,101,0,2048,76:fc:bf:84:12:45,"(-47, 0, 0, 0, 0, 0, 0, 0, 0, 0, 0, 0, 0, 0, 0, 0)","(0, 0, 0, 0, 0, 0, 0, 0, 0, 0, 0, 0, 0, 0, 0, 0)","(0, 0, 0, 0, 0, 0, 0, 0, 0, 0, 0, 0, 0, 0, 0, 0)",11,0,0,0,0,0,0,0,512,,,
0xCAFE,62528,mtk,MTK 7916,2001320206,1357578336,20MHz,0,96,0,2048,76:fc:bf:84:12:45,"(-47, 0, 0, 0, 0, 0, 0, 0, 0, 0, 0, 0, 0, 0, 0, 0)","(0, 0, 0, 0, 0, 0, 0, 0, 0, 0, 0, 0, 0, 0, 0, 0)","(0, 0, 0, 0, 0, 0, 0, 0, 0, 0, 0, 0, 0, 0, 0, 0)",11,0,0,0,0,0,0,0,512,,,
0xCAFE,62529,mtk,MTK 7916,2001320206,1357578337,20MHz,0,97,0,2048,76:fc:bf:84:12:45,"(-47, 0, 0, 0, 0, 0, 0, 0, 0, 0, 0, 0, 0, 0, 0, 0)","(0, 0, 0, 0, 0, 0, 0, 0, 0, 0, 0, 0, 0, 0, 0, 0)","(0, 0, 0, 0, 0, 0, 0, 0, 0, 0, 0, 0, 0, 0, 0, 0)",11,0,0,0,0,0,0,0,512,,,
0xCAFE,62530,mtk,MTK 7916,2001320206,1357578338,20MHz,0,98,0,2048,76:fc:bf:84:12:45,"(-47, 0, 0, 0, 0, 0, 0, 0, 0, 0, 0, 0, 0, 0, 0, 0)","(0, 0, 0, 0, 0, 0, 0, 0, 0, 0, 0, 0, 0, 0, 0, 0)","(0, 0, 0, 0, 0, 0, 0, 0, 0, 0, 0, 0, 0, 0, 0, 0)",11,0,0,0,0,0,0,0,512,,,
0xCAFE,62534,mtk,MTK 7916,2001364735,1357643872,20MHz,0,96,0,2048,76:fc:bf:84:12:45,"(-51, 0, 0, 0, 0, 0, 0, 0, 0, 0, 0, 0, 0, 0, 0, 0)","(0, 0, 0, 0, 0, 0, 0, 0, 0, 0, 0, 0, 0, 0, 0, 0)","(0, 0, 0, 0, 0, 0, 0, 0, 0, 0, 0, 0, 0, 0, 0, 0)",11,0,0,0,0,0,0,0,512,,,
0xCAFE,62535,mtk,MTK 7916,2001364735,1357643873,20MHz,0,97,0,2048,76:fc:bf:84:12:45,"(-51, 0, 0, 0, 0, 0, 0, 0, 0, 0, 0, 0, 0, 0, 0, 0)","(0, 0, 0, 0, 0, 0, 0, 0, 0, 0, 0, 0, 0, 0, 0, 0)","(0, 0, 0, 0, 0, 0, 0, 0, 0, 0, 0, 0, 0, 0, 0, 0)",11,0,0,0,0,0,0,0,512,,,
0xCAFE,62536,mtk,MTK 7916,2001364735,1357643874,20MHz,0,98,0,2048,76:fc:bf:84:12:45,"(-51, 0, 0, 0, 0, 0, 0, 0, 0, 0, 0, 0, 0, 0, 0, 0)","(0, 0, 0, 0, 0, 0, 0, 0, 0, 0, 0, 0, 0, 0, 0, 0)","(0, 0, 0, 0, 0, 0, 0, 0, 0, 0, 0, 0, 0, 0, 0, 0)",11,0,0,0,0,0,0,0,512,,,
0xCAFE,62537,mtk,MTK 7916,2001364735,1357643875,20MHz,0,99,0,2048,76:fc:bf:84:12:45,"(-51, 0, 0, 0, 0, 0, 0, 0, 0, 0, 0, 0, 0, 0, 0, 0)","(0, 0, 0, 0, 0, 0, 0, 0, 0, 0, 0, 0, 0, 0, 0, 0)","(0, 0, 0, 0, 0, 0, 0, 0, 0, 0, 0, 0, 0, 0, 0, 0)",11,0,0,0,0,0,0,0,512,,,
0xCAFE,62538,mtk,MTK 7916,2001364735,1357643876,20MHz,0,100,0,2048,76:fc:bf:84:12:45,"(-51, 0, 0, 0, 0, 0, 0, 0, 0, 0, 0, 0, 0, 0, 0, 0)","(0, 0, 0, 0, 0, 0, 0, 0, 0, 0, 0, 0, 0, 0, 0, 0)","(0, 0, 0, 0, 0, 0, 0, 0, 0, 0, 0, 0, 0, 0, 0, 0)",11,0,0,0,0,0,0,0,512,,,
0xCAFE,62539,mtk,MTK 7916,2001364735,1357676645,20MHz,0,101,0,2048,76:fc:bf:84:12:45,"(-51, 0, 0, 0, 0, 0, 0, 0, 0, 0, 0, 0, 0, 0, 0, 0)","(0, 0, 0, 0, 0, 0, 0, 0, 0, 0, 0, 0, 0, 0, 0, 0)","(0, 0, 0, 0, 0, 0, 0, 0, 0, 0, 0, 0, 0, 0, 0, 0)",11,0,0,0,0,0,0,0,512,,,
0xCAFE,62540,mtk,MTK 7916,2001406940,1357709408,20MHz,0,96,0,2048,76:fc:bf:84:12:45,"(-52, 0, 0, 0, 0, 0, 0, 0, 0, 0, 0, 0, 0, 0, 0, 0)","(0, 0, 0, 0, 0, 0, 0, 0, 0, 0, 0, 0, 0, 0, 0, 0)","(0, 0, 0, 0, 0, 0, 0, 0, 0, 0, 0, 0, 0, 0, 0, 0)",11,0,0,0,0,0,0,0,512,,,
0xCAFE,62541,mtk,MTK 7916,2001406940,1357709409,20MHz,0,97,0,2048,76:fc:bf:84:12:45,"(-52, 0, 0, 0, 0, 0, 0, 0, 0, 0, 0, 0, 0, 0, 0, 0)","(0, 0, 0, 0, 0, 0, 0, 0, 0, 0, 0, 0, 0, 0, 0, 0)","(0, 0, 0, 0, 0, 0, 0, 0, 0, 0, 0, 0, 0, 0, 0, 0)",11,0,0,0,0,0,0,0,512,,,
0xCAFE,62542,mtk,MTK 7916,2001406940,1357709410,20MHz,0,98,0,2048,76:fc:bf:84:12:45,"(-52, 0, 0, 0, 0, 0, 0, 0, 0, 0, 0, 0, 0, 0, 0, 0)","(0, 0, 0, 0, 0, 0, 0, 0, 0, 0, 0, 0, 0, 0, 0, 0)","(0, 0, 0, 0, 0, 0, 0, 0, 0, 0, 0, 0, 0, 0, 0, 0)",11,0,0,0,0,0,0,0,512,,,
0xCAFE,62543,mtk,MTK 7916,2001406940,1357709411,20MHz,0,99,0,2048,76:fc:bf:84:12:45,"(-52, 0, 0, 0, 0, 0, 0, 0, 0, 0, 0, 0, 0, 0, 0, 0)","(0, 0, 0, 0, 0, 0, 0, 0, 0, 0, 0, 0, 0, 0, 0, 0)","(0, 0, 0, 0, 0, 0, 0, 0, 0, 0, 0, 0, 0, 0, 0, 0)",11,0,0,0,0,0,0,0,512,,,
0xCAFE,62544,mtk,MTK 7916,2001406940,1357709412,20MHz,0,100,0,2048,76:fc:bf:84:12:45,"(-52, 0, 0, 0, 0, 0, 0, 0, 0, 0, 0, 0, 0, 0, 0, 0)","(0, 0, 0, 0, 0, 0, 0, 0, 0, 0, 0, 0, 0, 0, 0, 0)","(0, 0, 0, 0, 0, 0, 0, 0, 0, 0, 0, 0, 0, 0, 0, 0)",11,0,0,0,0,0,0,0,512,,,
0xCAFE,62545,mtk,MTK 7916,2001406940,1357742181,20MHz,0,101,0,2048,76:fc:bf:84:12:45,"(-52, 0, 0, 0, 0, 0, 0, 0, 0, 0, 0, 0, 0, 0, 0, 0)","(0, 0, 0, 0, 0, 0, 0, 0, 0, 0, 0, 0, 0, 0, 0, 0)","(0, 0, 0, 0, 0, 0, 0, 0, 0, 0, 0, 0, 0, 0, 0, 0)",11,0,0,0,0,0,0,0,512,,,
0xCAFE,62546,mtk,MTK 7916,2001448943,1357774944,20MHz,0,96,0,2048,76:fc:bf:84:12:45,"(-49, 0, 0, 0, 0, 0, 0, 0, 0, 0, 0, 0, 0, 0, 0, 0)","(0, 0, 0, 0, 0, 0, 0, 0, 0, 0, 0, 0, 0, 0, 0, 0)","(0, 0, 0, 0, 0, 0, 0, 0, 0, 0, 0, 0, 0, 0, 0, 0)",11,0,0,0,0,0,0,0,512,,,
0xCAFE,62547,mtk,MTK 7916,2001448943,1357774945,20MHz,0,97,0,2048,76:fc:bf:84:12:45,"(-49, 0, 0, 0, 0, 0, 0, 0, 0, 0, 0, 0, 0, 0, 0, 0)","(0, 0, 0, 0, 0, 0, 0, 0, 0, 0, 0, 0, 0, 0, 0, 0)","(0, 0, 0, 0, 0, 0, 0, 0, 0, 0, 0, 0, 0, 0, 0, 0)",11,0,0,0,0,0,0,0,512,,,
0xCAFE,62548,mtk,MTK 7916,2001448943,1357774946,20MHz,0,98,0,2048,76:fc:bf:84:12:45,"(-49, 0, 0, 0, 0, 0, 0, 0, 0, 0, 0, 0, 0, 0, 0, 0)","(0, 0, 0, 0, 0, 0, 0, 0, 0, 0, 0, 0, 0, 0, 0, 0)","(0, 0, 0, 0, 0, 0, 0, 0, 0, 0, 0, 0, 0, 0, 0, 0)",11,0,0,0,0,0,0,0,512,,,
0xCAFE,62549,mtk,MTK 7916,2001448943,1357774947,20MHz,0,99,0,2048,76:fc:bf:84:12:45,"(-49, 0, 0, 0, 0, 0, 0, 0, 0, 0, 0, 0, 0, 0, 0, 0)","(0, 0, 0, 0, 0, 0, 0, 0, 0, 0, 0, 0, 0, 0, 0, 0)","(0, 0, 0, 0, 0, 0, 0, 0, 0, 0, 0, 0, 0, 0, 0, 0)",11,0,0,0,0,0,0,0,512,,,
0xCAFE,62550,mtk,MTK 7916,2001448943,1357774948,20MHz,0,100,0,2048,76:fc:bf:84:12:45,"(-49, 0, 0, 0, 0, 0, 0, 0, 0, 0, 0, 0, 0, 0, 0, 0)","(0, 0, 0, 0, 0, 0, 0, 0, 0, 0, 0, 0, 0, 0, 0, 0)","(0, 0, 0, 0, 0, 0, 0, 0, 0, 0, 0, 0, 0, 0, 0, 0)",11,0,0,0,0,0,0,0,512,,,
0xCAFE,62551,mtk,MTK 7916,2001448943,1357807717,20MHz,0,101,0,2048,76:fc:bf:84:12:45,"(-49, 0, 0, 0, 0, 0, 0, 0, 0, 0, 0, 0, 0, 0, 0, 0)","(0, 0, 0, 0, 0, 0, 0, 0, 0, 0, 0, 0, 0, 0, 0, 0)","(0, 0, 0, 0, 0, 0, 0, 0, 0, 0, 0, 0, 0, 0, 0, 0)",11,0,0,0,0,0,0,0,512,,,
0xCAFE,62552,mtk,MTK 7916,2001492628,1357840480,20MHz,0,96,0,2048,76:fc:bf:84:12:45,"(-48, 0, 0, 0, 0, 0, 0, 0, 0, 0, 0, 0, 0, 0, 0, 0)","(0, 0, 0, 0, 0, 0, 0, 0, 0, 0, 0, 0, 0, 0, 0, 0)","(0, 0, 0, 0, 0, 0, 0, 0, 0, 0, 0, 0, 0, 0, 0, 0)",11,0,0,0,0,0,0,0,512,,,
0xCAFE,62553,mtk,MTK 7916,2001492628,1357840481,20MHz,0,97,0,2048,76:fc:bf:84:12:45,"(-48, 0, 0, 0, 0, 0, 0, 0, 0, 0, 0, 0, 0, 0, 0, 0)","(0, 0, 0, 0, 0, 0, 0, 0, 0, 0, 0, 0, 0, 0, 0, 0)","(0, 0, 0, 0, 0, 0, 0, 0, 0, 0, 0, 0, 0, 0, 0, 0)",11,0,0,0,0,0,0,0,512,,,
0xCAFE,62554,mtk,MTK 7916,2001492628,1357840482,20MHz,0,98,0,2048,76:fc:bf:84:12:45,"(-48, 0, 0, 0, 0, 0, 0, 0, 0, 0, 0, 0, 0, 0, 0, 0)","(0, 0, 0, 0, 0, 0, 0, 0, 0, 0, 0, 0, 0, 0, 0, 0)","(0, 0, 0, 0, 0, 0, 0, 0, 0, 0, 0, 0, 0, 0, 0, 0)",11,0,0,0,0,0,0,0,512,,,
0xCAFE,62555,mtk,MTK 7916,2001492628,1357840483,20MHz,0,99,0,2048,76:fc:bf:84:12:45,"(-48, 0, 0, 0, 0, 0, 0, 0, 0, 0, 0, 0, 0, 0, 0, 0)","(0, 0, 0, 0, 0, 0, 0, 0, 0, 0, 0, 0, 0, 0, 0, 0)","(0, 0, 0, 0, 0, 0, 0, 0, 0, 0, 0, 0, 0, 0, 0, 0)",11,0,0,0,0,0,0,0,512,,,
0xCAFE,62556,mtk,MTK 7916,2001492628,1357840484,20MHz,0,100,0,2048,76:fc:bf:84:12:45,"(-48, 0, 0, 0, 0, 0, 0, 0, 0, 0, 0, 0, 0, 0, 0, 0)","(0, 0, 0, 0, 0, 0, 0, 0, 0, 0, 0, 0, 0, 0, 0, 0)","(0, 0, 0, 0, 0, 0, 0, 0, 0, 0, 0, 0, 0, 0, 0, 0)",11,0,0,0,0,0,0,0,512,,,
0xCAFE,62557,mtk,MTK 7916,2001492628,1357873253,20MHz,0,101,0,2048,76:fc:bf:84:12:45,"(-48, 0, 0, 0, 0, 0, 0, 0, 0, 0, 0, 0, 0, 0, 0, 0)","(0, 0, 0, 0, 0, 0, 0, 0, 0, 0, 0, 0, 0, 0, 0, 0)","(0, 0, 0, 0, 0, 0, 0, 0, 0, 0, 0, 0, 0, 0, 0, 0)",11,0,0,0,0,0,0,0,512,,,
0xCAFE,62558,mtk,MTK 7916,2001533863,1357906016,20MHz,0,96,0,2048,76:fc:bf:84:12:45,"(-49, 0, 0, 0, 0, 0, 0, 0, 0, 0, 0, 0, 0, 0, 0, 0)","(0, 0, 0, 0, 0, 0, 0, 0, 0, 0, 0, 0, 0, 0, 0, 0)","(0, 0, 0, 0, 0, 0, 0, 0, 0, 0, 0, 0, 0, 0, 0, 0)",11,0,0,0,0,0,0,0,512,,,
0xCAFE,62559,mtk,MTK 7916,2001533863,1357906017,20MHz,0,97,0,2048,76:fc:bf:84:12:45,"(-49, 0, 0, 0, 0, 0, 0, 0, 0, 0, 0, 0, 0, 0, 0, 0)","(0, 0, 0, 0, 0, 0, 0, 0, 0, 0, 0, 0, 0, 0, 0, 0)","(0, 0, 0, 0, 0, 0, 0, 0, 0, 0, 0, 0, 0, 0, 0, 0)",11,0,0,0,0,0,0,0,512,,,
0xCAFE,62560,mtk,MTK 7916,2001533863,1357906018,20MHz,0,98,0,2048,76:fc:bf:84:12:45,"(-49, 0, 0, 0, 0, 0, 0, 0, 0, 0, 0, 0, 0, 0, 0, 0)","(0, 0, 0, 0, 0, 0, 0, 0, 0, 0, 0, 0, 0, 0, 0, 0)","(0, 0, 0, 0, 0, 0, 0, 0, 0, 0, 0, 0, 0, 0, 0, 0)",11,0,0,0,0,0,0,0,512,,,
0xCAFE,62561,mtk,MTK 7916,2001533863,1357906019,20MHz,0,99,0,2048,76:fc:bf:84:12:45,"(-49, 0, 0, 0, 0, 0, 0, 0, 0, 0, 0, 0, 0, 0, 0, 0)","(0, 0, 0, 0, 0, 0, 0, 0, 0, 0, 0, 0, 0, 0, 0, 0)","(0, 0, 0, 0, 0, 0, 0, 0, 0, 0, 0, 0, 0, 0, 0, 0)",11,0,0,0,0,0,0,0,512,,,
0xCAFE,62562,mtk,MTK 7916,2001533863,1357906020,20MHz,0,100,0,2048,76:fc:bf:84:12:45,"(-49, 0, 0, 0, 0, 0, 0, 0, 0, 0, 0, 0, 0, 0, 0, 0)","(0, 0, 0, 0, 0, 0, 0, 0, 0, 0, 0, 0, 0, 0, 0, 0)","(0, 0, 0, 0, 0, 0, 0, 0, 0, 0, 0, 0, 0, 0, 0, 0)",11,0,0,0,0,0,0,0,512,,,
0xCAFE,62563,mtk,MTK 7916,2001533863,1357938789,20MHz,0,101,0,2048,76:fc:bf:84:12:45,"(-49, 0, 0, 0, 0, 0, 0, 0, 0, 0, 0, 0, 0, 0, 0, 0)","(0, 0, 0, 0, 0, 0, 0, 0, 0, 0, 0, 0, 0, 0, 0, 0)","(0, 0, 0, 0, 0, 0, 0, 0, 0, 0, 0, 0, 0, 0, 0, 0)",11,0,0,0,0,0,0,0,512,,,
0xCAFE,62564,mtk,MTK 7916,2001574474,1357971552,20MHz,0,96,0,2048,76:fc:bf:84:12:45,"(-49, 0, 0, 0, 0, 0, 0, 0, 0, 0, 0, 0, 0, 0, 0, 0)","(0, 0, 0, 0, 0, 0, 0, 0, 0, 0, 0, 0, 0, 0, 0, 0)","(0, 0, 0, 0, 0, 0, 0, 0, 0, 0, 0, 0, 0, 0, 0, 0)",11,0,0,0,0,0,0,0,512,,,
0xCAFE,62565,mtk,MTK 7916,2001574474,1357971553,20MHz,0,97,0,2048,76:fc:bf:84:12:45,"(-49, 0, 0, 0, 0, 0, 0, 0, 0, 0, 0, 0, 0, 0, 0, 0)","(0, 0, 0, 0, 0, 0, 0, 0, 0, 0, 0, 0, 0, 0, 0, 0)","(0, 0, 0, 0, 0, 0, 0, 0, 0, 0, 0, 0, 0, 0, 0, 0)",11,0,0,0,0,0,0,0,512,,,
0xCAFE,62566,mtk,MTK 7916,2001574474,1357971554,20MHz,0,98,0,2048,76:fc:bf:84:12:45,"(-49, 0, 0, 0, 0, 0, 0, 0, 0, 0, 0, 0, 0, 0, 0, 0)","(0, 0, 0, 0, 0, 0, 0, 0, 0, 0, 0, 0, 0, 0, 0, 0)","(0, 0, 0, 0, 0, 0, 0, 0, 0, 0, 0, 0, 0, 0, 0, 0)",11,0,0,0,0,0,0,0,512,,,
0xCAFE,62567,mtk,MTK 7916,2001574474,1357971555,20MHz,0,99,0,2048,76:fc:bf:84:12:45,"(-49, 0, 0, 0, 0, 0, 0, 0, 0, 0, 0, 0, 0, 0, 0, 0)","(0, 0, 0, 0, 0, 0, 0, 0, 0, 0, 0, 0, 0, 0, 0, 0)","(0, 0, 0, 0, 0, 0, 0, 0, 0, 0, 0, 0, 0, 0, 0, 0)",11,0,0,0,0,0,0,0,512,,,
0xCAFE,62568,mtk,MTK 7916,2001574474,1357971556,20MHz,0,100,0,2048,76:fc:bf:84:12:45,"(-49, 0, 0, 0, 0, 0, 0, 0, 0, 0, 0, 0, 0, 0, 0, 0)","(0, 0, 0, 0, 0, 0, 0, 0, 0, 0, 0, 0, 0, 0, 0, 0)","(0, 0, 0, 0, 0, 0, 0, 0, 0, 0, 0, 0, 0, 0, 0, 0)",11,0,0,0,0,0,0,0,512,,,
0xCAFE,62569,mtk,MTK 7916,2001574474,1358004325,20MHz,0,101,0,2048,76:fc:bf:84:12:45,"(-49, 0, 0, 0, 0, 0, 0, 0, 0, 0, 0, 0, 0, 0, 0, 0)","(0, 0, 0, 0, 0, 0, 0, 0, 0, 0, 0, 0, 0, 0, 0, 0)","(0, 0, 0, 0, 0, 0, 0, 0, 0, 0, 0, 0, 0, 0, 0, 0)",11,0,0,0,0,0,0,0,512,,,
0xCAFE,62570,mtk,MTK 7916,2001617171,1358037088,20MHz,0,96,0,2048,76:fc:bf:84:12:45,"(-51, 0, 0, 0, 0, 0, 0, 0, 0, 0, 0, 0, 0, 0, 0, 0)","(0, 0, 0, 0, 0, 0, 0, 0, 0, 0, 0, 0, 0, 0, 0, 0)","(0, 0, 0, 0, 0, 0, 0, 0, 0, 0, 0, 0, 0, 0, 0, 0)",11,0,0,0,0,0,0,0,512,,,
0xCAFE,62571,mtk,MTK 7916,2001617171,1358037089,20MHz,0,97,0,2048,76:fc:bf:84:12:45,"(-51, 0, 0, 0, 0, 0, 0, 0, 0, 0, 0, 0, 0, 0, 0, 0)","(0, 0, 0, 0, 0, 0, 0, 0, 0, 0, 0, 0, 0, 0, 0, 0)","(0, 0, 0, 0, 0, 0, 0, 0, 0, 0, 0, 0, 0, 0, 0, 0)",11,0,0,0,0,0,0,0,512,,,
0xCAFE,62572,mtk,MTK 7916,2001617171,1358037090,20MHz,0,98,0,2048,76:fc:bf:84:12:45,"(-51, 0, 0, 0, 0, 0, 0, 0, 0, 0, 0, 0, 0, 0, 0, 0)","(0, 0, 0, 0, 0, 0, 0, 0, 0, 0, 0, 0, 0, 0, 0, 0)","(0, 0, 0, 0, 0, 0, 0, 0, 0, 0, 0, 0, 0, 0, 0, 0)",11,0,0,0,0,0,0,0,512,,,
0xCAFE,62574,mtk,MTK 7916,2001617171,1358037092,20MHz,0,100,0,2048,76:fc:bf:84:12:45,"(-51, 0, 0, 0, 0, 0, 0, 0, 0, 0, 0, 0, 0, 0, 0, 0)","(0, 0, 0, 0, 0, 0, 0, 0, 0, 0, 0, 0, 0, 0, 0, 0)","(0, 0, 0, 0, 0, 0, 0, 0, 0, 0, 0, 0, 0, 0, 0, 0)",11,0,0,0,0,0,0,0,512,,,
0xCAFE,62575,mtk,MTK 7916,2001617171,1358069861,20MHz,0,101,0,2048,76:fc:bf:84:12:45,"(-51, 0, 0, 0, 0, 0, 0, 0, 0, 0, 0, 0, 0, 0, 0, 0)","(0, 0, 0, 0, 0, 0, 0, 0, 0, 0, 0, 0, 0, 0, 0, 0)","(0, 0, 0, 0, 0, 0, 0, 0, 0, 0, 0, 0, 0, 0, 0, 0)",11,0,0,0,0,0,0,0,512,,,
0xCAFE,62576,mtk,MTK 7916,2001658806,1358102624,20MHz,0,96,0,2048,76:fc:bf:84:12:45,"(-52, 0, 0, 0, 0, 0, 0, 0, 0, 0, 0, 0, 0, 0, 0, 0)","(0, 0, 0, 0, 0, 0, 0, 0, 0, 0, 0, 0, 0, 0, 0, 0)","(0, 0, 0, 0, 0, 0, 0, 0, 0, 0, 0, 0, 0, 0, 0, 0)",11,0,0,0,0,0,0,0,512,,,
0xCAFE,62577,mtk,MTK 7916,2001658806,1358102625,20MHz,0,97,0,2048,76:fc:bf:84:12:45,"(-52, 0, 0, 0, 0, 0, 0, 0, 0, 0, 0, 0, 0, 0, 0, 0)","(0, 0, 0, 0, 0, 0, 0, 0, 0, 0, 0, 0, 0, 0, 0, 0)","(0, 0, 0, 0, 0, 0, 0, 0, 0, 0, 0, 0, 0, 0, 0, 0)",11,0,0,0,0,0,0,0,512,,,
0xCAFE,62578,mtk,MTK 7916,2001658806,1358102626,20MHz,0,98,0,2048,76:fc:bf:84:12:45,"(-52, 0, 0, 0, 0, 0, 0, 0, 0, 0, 0, 0, 0, 0, 0, 0)","(0, 0, 0, 0, 0, 0, 0, 0, 0, 0, 0, 0, 0, 0, 0, 0)","(0, 0, 0, 0, 0, 0, 0, 0, 0, 0, 0, 0, 0, 0, 0, 0)",11,0,0,0,0,0,0,0,512,,,
0xCAFE,62579,mtk,MTK 7916,2001658806,1358102627,20MHz,0,99,0,2048,76:fc:bf:84:12:45,"(-52, 0, 0, 0, 0, 0, 0, 0, 0, 0, 0, 0, 0, 0, 0, 0)","(0, 0, 0, 0, 0, 0, 0, 0, 0, 0, 0, 0, 0, 0, 0, 0)","(0, 0, 0, 0, 0, 0, 0, 0, 0, 0, 0, 0, 0, 0, 0, 0)",11,0,0,0,0,0,0,0,512,,,
0xCAFE,62580,mtk,MTK 7916,2001658806,1358102628,20MHz,0,100,0,2048,76:fc:bf:84:12:45,"(-52, 0, 0, 0, 0, 0, 0, 0, 0, 0, 0, 0, 0, 0, 0, 0)","(0, 0, 0, 0, 0, 0, 0, 0, 0, 0, 0, 0, 0, 0, 0, 0)","(0, 0, 0, 0, 0, 0, 0, 0, 0, 0, 0, 0, 0, 0, 0, 0)",11,0,0,0,0,0,0,0,512,,,
0xCAFE,62581,mtk,MTK 7916,2001658806,1358135397,20MHz,0,101,0,2048,76:fc:bf:84:12:45,"(-52, 0, 0, 0, 0, 0, 0, 0, 0, 0, 0, 0, 0, 0, 0, 0)","(0, 0, 0, 0, 0, 0, 0, 0, 0, 0, 0, 0, 0, 0, 0, 0)","(0, 0, 0, 0, 0, 0, 0, 0, 0, 0, 0, 0, 0, 0, 0, 0)",11,0,0,0,0,0,0,0,512,,,
0xCAFE,62582,mtk,MTK 7916,2001701930,1358168160,20MHz,0,96,0,2048,76:fc:bf:84:12:45,"(-52, 0, 0, 0, 0, 0, 0, 0, 0, 0, 0, 0, 0, 0, 0, 0)","(0, 0, 0, 0, 0, 0, 0, 0, 0, 0, 0, 0, 0, 0, 0, 0)","(0, 0, 0, 0, 0, 0, 0, 0, 0, 0, 0, 0, 0, 0, 0, 0)",11,0,0,0,0,0,0,0,512,,,
0xCAFE,62583,mtk,MTK 7916,2001701930,1358168161,20MHz,0,97,0,2048,76:fc:bf:84:12:45,"(-52, 0, 0, 0, 0, 0, 0, 0, 0, 0, 0, 0, 0, 0, 0, 0)","(0, 0, 0, 0, 0, 0, 0, 0, 0, 0, 0, 0, 0, 0, 0, 0)","(0, 0, 0, 0, 0, 0, 0, 0, 0, 0, 0, 0, 0, 0, 0, 0)",11,0,0,0,0,0,0,0,512,,,
0xCAFE,62584,mtk,MTK 7916,2001701930,1358168162,20MHz,0,98,0,2048,76:fc:bf:84:12:45,"(-52, 0, 0, 0, 0, 0, 0, 0, 0, 0, 0, 0, 0, 0, 0, 0)","(0, 0, 0, 0, 0, 0, 0, 0, 0, 0, 0, 0, 0, 0, 0, 0)","(0, 0, 0, 0, 0, 0, 0, 0, 0, 0, 0, 0, 0, 0, 0, 0)",11,0,0,0,0,0,0,0,512,,,
0xCAFE,62585,mtk,MTK 7916,2001701930,1358168163,20MHz,0,99,0,2048,76:fc:bf:84:12:45,"(-52, 0, 0, 0, 0, 0, 0, 0, 0, 0, 0, 0, 0, 0, 0, 0)","(0, 0, 0, 0, 0, 0, 0, 0, 0, 0, 0, 0, 0, 0, 0, 0)","(0, 0, 0, 0, 0, 0, 0, 0, 0, 0, 0, 0, 0, 0, 0, 0)",11,0,0,0,0,0,0,0,512,,,
0xCAFE,62586,mtk,MTK 7916,2001701930,1358168164,20MHz,0,100,0,2048,76:fc:bf:84:12:45,"(-52, 0, 0, 0, 0, 0, 0, 0, 0, 0, 0, 0, 0, 0, 0, 0)","(0, 0, 0, 0, 0, 0, 0, 0, 0, 0, 0, 0, 0, 0, 0, 0)","(0, 0, 0, 0, 0, 0, 0, 0, 0, 0, 0, 0, 0, 0, 0, 0)",11,0,0,0,0,0,0,0,512,,,
0xCAFE,62587,mtk,MTK 7916,2001701930,1358200933,20MHz,0,101,0,2048,76:fc:bf:84:12:45,"(-52, 0, 0, 0, 0, 0, 0, 0, 0, 0, 0, 0, 0, 0, 0, 0)","(0, 0, 0, 0, 0, 0, 0, 0, 0, 0, 0, 0, 0, 0, 0, 0)","(0, 0, 0, 0, 0, 0, 0, 0, 0, 0, 0, 0, 0, 0, 0, 0)",11,0,0,0,0,0,0,0,512,,,
0xCAFE,62588,mtk,MTK 7916,2001732163,1358233696,20MHz,0,96,0,2048,76:fc:bf:84:12:45,"(-51, 0, 0, 0, 0, 0, 0, 0, 0, 0, 0, 0, 0, 0, 0, 0)","(0, 0, 0, 0, 0, 0, 0, 0, 0, 0, 0, 0, 0, 0, 0, 0)","(0, 0, 0, 0, 0, 0, 0, 0, 0, 0, 0, 0, 0, 0, 0, 0)",11,0,0,0,0,0,0,0,512,,,
0xCAFE,62589,mtk,MTK 7916,2001732163,1358233697,20MHz,0,97,0,2048,76:fc:bf:84:12:45,"(-51, 0, 0, 0, 0, 0, 0, 0, 0, 0, 0, 0, 0, 0, 0, 0)","(0, 0, 0, 0, 0, 0, 0, 0, 0, 0, 0, 0, 0, 0, 0, 0)","(0, 0, 0, 0, 0, 0, 0, 0, 0, 0, 0, 0, 0, 0, 0, 0)",11,0,0,0,0,0,0,0,512,,,
0xCAFE,62590,mtk,MTK 7916,2001732163,1358233698,20MHz,0,98,0,2048,76:fc:bf:84:12:45,"(-51, 0, 0, 0, 0, 0, 0, 0, 0, 0, 0, 0, 0, 0, 0, 0)","(0, 0, 0, 0, 0, 0, 0, 0, 0, 0, 0, 0, 0, 0, 0, 0)","(0, 0, 0, 0, 0, 0, 0, 0, 0, 0, 0, 0, 0, 0, 0, 0)",11,0,0,0,0,0,0,0,512,,,
0xCAFE,62591,mtk,MTK 7916,2001732163,1358233699,20MHz,0,99,0,2048,76:fc:bf:84:12:45,"(-51, 0, 0, 0, 0, 0, 0, 0, 0, 0, 0, 0, 0, 0, 0, 0)","(0, 0, 0, 0, 0, 0, 0, 0, 0, 0, 0, 0, 0, 0, 0, 0)","(0, 0, 0, 0, 0, 0, 0, 0, 0, 0, 0, 0, 0, 0, 0, 0)",11,0,0,0,0,0,0,0,512,,,
0xCAFE,62594,mtk,MTK 7916,2001775018,1358299232,20MHz,0,96,0,2048,76:fc:bf:84:12:45,"(-49, 0, 0, 0, 0, 0, 0, 0, 0, 0, 0, 0, 0, 0, 0, 0)","(0, 0, 0, 0, 0, 0, 0, 0, 0, 0, 0, 0, 0, 0, 0, 0)","(0, 0, 0, 0, 0, 0, 0, 0, 0, 0, 0, 0, 0, 0, 0, 0)",11,0,0,0,0,0,0,0,512,,,
0xCAFE,62595,mtk,MTK 7916,2001775018,1358299233,20MHz,0,97,0,2048,76:fc:bf:84:12:45,"(-49, 0, 0, 0, 0, 0, 0, 0, 0, 0, 0, 0, 0, 0, 0, 0)","(0, 0, 0, 0, 0, 0, 0, 0, 0, 0, 0, 0, 0, 0, 0, 0)","(0, 0, 0, 0, 0, 0, 0, 0, 0, 0, 0, 0, 0, 0, 0, 0)",11,0,0,0,0,0,0,0,512,,,
0xCAFE,62596,mtk,MTK 7916,2001775018,1358299234,20MHz,0,98,0,2048,76:fc:bf:84:12:45,"(-49, 0, 0, 0, 0, 0, 0, 0, 0, 0, 0, 0, 0, 0, 0, 0)","(0, 0, 0, 0, 0, 0, 0, 0, 0, 0, 0, 0, 0, 0, 0, 0)","(0, 0, 0, 0, 0, 0, 0, 0, 0, 0, 0, 0, 0, 0, 0, 0)",11,0,0,0,0,0,0,0,512,,,
0xCAFE,62597,mtk,MTK 7916,2001775018,1358299235,20MHz,0,99,0,2048,76:fc:bf:84:12:45,"(-49, 0, 0, 0, 0, 0, 0, 0, 0, 0, 0, 0, 0, 0, 0, 0)","(0, 0, 0, 0, 0, 0, 0, 0, 0, 0, 0, 0, 0, 0, 0, 0)","(0, 0, 0, 0, 0, 0, 0, 0, 0, 0, 0, 0, 0, 0, 0, 0)",11,0,0,0,0,0,0,0,512,,,
0xCAFE,62598,mtk,MTK 7916,2001775018,1358299236,20MHz,0,100,0,2048,76:fc:bf:84:12:45,"(-49, 0, 0, 0, 0, 0, 0, 0, 0, 0, 0, 0, 0, 0, 0, 0)","(0, 0, 0, 0, 0, 0, 0, 0, 0, 0, 0, 0, 0, 0, 0, 0)","(0, 0, 0, 0, 0, 0, 0, 0, 0, 0, 0, 0, 0, 0, 0, 0)",11,0,0,0,0,0,0,0,512,,,
0xCAFE,62599,mtk,MTK 7916,2001775018,1358332005,20MHz,0,101,0,2048,76:fc:bf:84:12:45,"(-49, 0, 0, 0, 0, 0, 0, 0, 0, 0, 0, 0, 0, 0, 0, 0)","(0, 0, 0, 0, 0, 0, 0, 0, 0, 0, 0, 0, 0, 0, 0, 0)","(0, 0, 0, 0, 0, 0, 0, 0, 0, 0, 0, 0, 0, 0, 0, 0)",11,0,0,0,0,0,0,0,512,,,
0xCAFE,62600,mtk,MTK 7916,2001818904,1358364768,20MHz,0,96,0,2048,76:fc:bf:84:12:45,"(-48, 0, 0, 0, 0, 0, 0, 0, 0, 0, 0, 0, 0, 0, 0, 0)","(0, 0, 0, 0, 0, 0, 0, 0, 0, 0, 0, 0, 0, 0, 0, 0)","(0, 0, 0, 0, 0, 0, 0, 0, 0, 0, 0, 0, 0, 0, 0, 0)",11,0,0,0,0,0,0,0,512,,,
0xCAFE,62601,mtk,MTK 7916,2001818904,1358364769,20MHz,0,97,0,2048,76:fc:bf:84:12:45,"(-48, 0, 0, 0, 0, 0, 0, 0, 0, 0, 0, 0, 0, 0, 0, 0)","(0, 0, 0, 0, 0, 0, 0, 0, 0, 0, 0, 0, 0, 0, 0, 0)","(0, 0, 0, 0, 0, 0, 0, 0, 0, 0, 0, 0, 0, 0, 0, 0)",11,0,0,0,0,0,0,0,512,,,
0xCAFE,62602,mtk,MTK 7916,2001818904,1358364770,20MHz,0,98,0,2048,76:fc:bf:84:12:45,"(-48, 0, 0, 0, 0, 0, 0, 0, 0, 0, 0, 0, 0, 0, 0, 0)","(0, 0, 0, 0, 0, 0, 0, 0, 0, 0, 0, 0, 0, 0, 0, 0)","(0, 0, 0, 0, 0, 0, 0, 0, 0, 0, 0, 0, 0, 0, 0, 0)",11,0,0,0,0,0,0,0,512,,,
0xCAFE,62603,mtk,MTK 7916,2001818904,1358364771,20MHz,0,99,0,2048,76:fc:bf:84:12:45,"(-48, 0, 0, 0, 0, 0, 0, 0, 0, 0, 0, 0, 0, 0, 0, 0)","(0, 0, 0, 0, 0, 0, 0, 0, 0, 0, 0, 0, 0, 0, 0, 0)","(0, 0, 0, 0, 0, 0, 0, 0, 0, 0, 0, 0, 0, 0, 0, 0)",11,0,0,0,0,0,0,0,512,,,
0xCAFE,62604,mtk,MTK 7916,2001818904,1358364772,20MHz,0,100,0,2048,76:fc:bf:84:12:45,"(-48, 0, 0, 0, 0, 0, 0, 0, 0, 0, 0, 0, 0, 0, 0, 0)","(0, 0, 0, 0, 0, 0, 0, 0, 0, 0, 0, 0, 0, 0, 0, 0)","(0, 0, 0, 0, 0, 0, 0, 0, 0, 0, 0, 0, 0, 0, 0, 0)",11,0,0,0,0,0,0,0,512,,,
0xCAFE,62605,mtk,MTK 7916,2001818904,1358397541,20MHz,0,101,0,2048,76:fc:bf:84:12:45,"(-48, 0, 0, 0, 0, 0, 0, 0, 0, 0, 0, 0, 0, 0, 0, 0)","(0, 0, 0, 0, 0, 0, 0, 0, 0, 0, 0, 0, 0, 0, 0, 0)","(0, 0, 0, 0, 0, 0, 0, 0, 0, 0, 0, 0, 0, 0, 0, 0)",11,0,0,0,0,0,0,0,512,,,
0xCAFE,62606,mtk,MTK 7916,2001862059,1358430304,20MHz,0,96,0,2048,76:fc:bf:84:12:45,"(-49, 0, 0, 0, 0, 0, 0, 0, 0, 0, 0, 0, 0, 0, 0, 0)","(0, 0, 0, 0, 0, 0, 0, 0, 0, 0, 0, 0, 0, 0, 0, 0)","(0, 0, 0, 0, 0, 0, 0, 0, 0, 0, 0, 0, 0, 0, 0, 0)",11,0,0,0,0,0,0,0,512,,,
0xCAFE,62607,mtk,MTK 7916,2001862059,1358430305,20MHz,0,97,0,2048,76:fc:bf:84:12:45,"(-49, 0, 0, 0, 0, 0, 0, 0, 0, 0, 0, 0, 0, 0, 0, 0)","(0, 0, 0, 0, 0, 0, 0, 0, 0, 0, 0, 0, 0, 0, 0, 0)","(0, 0, 0, 0, 0, 0, 0, 0, 0, 0, 0, 0, 0, 0, 0, 0)",11,0,0,0,0,0,0,0,512,,,
0xCAFE,62608,mtk,MTK 7916,2001862059,1358430306,20MHz,0,98,0,2048,76:fc:bf:84:12:45,"(-49, 0, 0, 0, 0, 0, 0, 0, 0, 0, 0, 0, 0, 0, 0, 0)","(0, 0, 0, 0, 0, 0, 0, 0, 0, 0, 0, 0, 0, 0, 0, 0)","(0, 0, 0, 0, 0, 0, 0, 0, 0, 0, 0, 0, 0, 0, 0, 0)",11,0,0,0,0,0,0,0,512,,,
0xCAFE,62609,mtk,MTK 7916,2001862059,1358430307,20MHz,0,99,0,2048,76:fc:bf:84:12:45,"(-49, 0, 0, 0, 0, 0, 0, 0, 0, 0, 0, 0, 0, 0, 0, 0)","(0, 0, 0, 0, 0, 0, 0, 0, 0, 0, 0, 0, 0, 0, 0, 0)","(0, 0, 0, 0, 0, 0, 0, 0, 0, 0, 0, 0, 0, 0, 0, 0)",11,0,0,0,0,0,0,0,512,,,
0xCAFE,62610,mtk,MTK 7916,2001862059,1358430308,20MHz,0,100,0,2048,76:fc:bf:84:12:45,"(-49, 0, 0, 0, 0, 0, 0, 0, 0, 0, 0, 0, 0, 0, 0, 0)","(0, 0, 0, 0, 0, 0, 0, 0, 0, 0, 0, 0, 0, 0, 0, 0)","(0, 0, 0, 0, 0, 0, 0, 0, 0, 0, 0, 0, 0, 0, 0, 0)",11,0,0,0,0,0,0,0,512,,,
0xCAFE,62614,mtk,MTK 7916,2001904591,1358495842,20MHz,0,98,0,2048,76:fc:bf:84:12:45,"(-50, 0, 0, 0, 0, 0, 0, 0, 0, 0, 0, 0, 0, 0, 0, 0)","(0, 0, 0, 0, 0, 0, 0, 0, 0, 0, 0, 0, 0, 0, 0, 0)","(0, 0, 0, 0, 0, 0, 0, 0, 0, 0, 0, 0, 0, 0, 0, 0)",11,0,0,0,0,0,0,0,512,,,
0xCAFE,62615,mtk,MTK 7916,2001904591,1358495843,20MHz,0,99,0,2048,76:fc:bf:84:12:45,"(-50, 0, 0, 0, 0, 0, 0, 0, 0, 0, 0, 0, 0, 0, 0, 0)","(0, 0, 0, 0, 0, 0, 0, 0, 0, 0, 0, 0, 0, 0, 0, 0)","(0, 0, 0, 0, 0, 0, 0, 0, 0, 0, 0, 0, 0, 0, 0, 0)",11,0,0,0,0,0,0,0,512,,,
0xCAFE,62616,mtk,MTK 7916,2001904591,1358495844,20MHz,0,100,0,2048,76:fc:bf:84:12:45,"(-50, 0, 0, 0, 0, 0, 0, 0, 0, 0, 0, 0, 0, 0, 0, 0)","(0, 0, 0, 0, 0, 0, 0, 0, 0, 0, 0, 0, 0, 0, 0, 0)","(0, 0, 0, 0, 0, 0, 0, 0, 0, 0, 0, 0, 0, 0, 0, 0)",11,0,0,0,0,0,0,0,512,,,
0xCAFE,62617,mtk,MTK 7916,2001904591,1358528613,20MHz,0,101,0,2048,76:fc:bf:84:12:45,"(-50, 0, 0, 0, 0, 0, 0, 0, 0, 0, 0, 0, 0, 0, 0, 0)","(0, 0, 0, 0, 0, 0, 0, 0, 0, 0, 0, 0, 0, 0, 0, 0)","(0, 0, 0, 0, 0, 0, 0, 0, 0, 0, 0, 0, 0, 0, 0, 0)",11,0,0,0,0,0,0,0,512,,,
0xCAFE,62618,mtk,MTK 7916,2001945541,1358561376,20MHz,0,96,0,2048,76:fc:bf:84:12:45,"(-49, 0, 0, 0, 0, 0, 0, 0, 0, 0, 0, 0, 0, 0, 0, 0)","(0, 0, 0, 0, 0, 0, 0, 0, 0, 0, 0, 0, 0, 0, 0, 0)","(0, 0, 0, 0, 0, 0, 0, 0, 0, 0, 0, 0, 0, 0, 0, 0)",11,0,0,0,0,0,0,0,512,,,
0xCAFE,62619,mtk,MTK 7916,2001945541,1358561377,20MHz,0,97,0,2048,76:fc:bf:84:12:45,"(-49, 0, 0, 0, 0, 0, 0, 0, 0, 0, 0, 0, 0, 0, 0, 0)","(0, 0, 0, 0, 0, 0, 0, 0, 0, 0, 0, 0, 0, 0, 0, 0)","(0, 0, 0, 0, 0, 0, 0, 0, 0, 0, 0, 0, 0, 0, 0, 0)",11,0,0,0,0,0,0,0,512,,,
0xCAFE,62620,mtk,MTK 7916,2001945541,1358561378,20MHz,0,98,0,2048,76:fc:bf:84:12:45,"(-49, 0, 0, 0, 0, 0, 0, 0, 0, 0, 0, 0, 0, 0, 0, 0)","(0, 0, 0, 0, 0, 0, 0, 0, 0, 0, 0, 0, 0, 0, 0, 0)","(0, 0, 0, 0, 0, 0, 0, 0, 0, 0, 0, 0, 0, 0, 0, 0)",11,0,0,0,0,0,0,0,512,,,
0xCAFE,62621,mtk,MTK 7916,2001945541,1358561379,20MHz,0,99,0,2048,76:fc:bf:84:12:45,"(-49, 0, 0, 0, 0, 0, 0, 0, 0, 0, 0, 0, 0, 0, 0, 0)","(0, 0, 0, 0, 0, 0, 0, 0, 0, 0, 0, 0, 0, 0, 0, 0)","(0, 0, 0, 0, 0, 0, 0, 0, 0, 0, 0, 0, 0, 0, 0, 0)",11,0,0,0,0,0,0,0,512,,,
0xCAFE,62622,mtk,MTK 7916,2001945541,1358561380,20MHz,0,100,0,2048,76:fc:bf:84:12:45,"(-49, 0, 0, 0, 0, 0, 0, 0, 0, 0, 0, 0, 0, 0, 0, 0)","(0, 0, 0, 0, 0, 0, 0, 0, 0, 0, 0, 0, 0, 0, 0, 0)","(0, 0, 0, 0, 0, 0, 0, 0, 0, 0, 0, 0, 0, 0, 0, 0)",11,0,0,0,0,0,0,0,512,,,
0xCAFE,62623,mtk,MTK 7916,2001945541,1358594149,20MHz,0,101,0,2048,76:fc:bf:84:12:45,"(-49, 0, 0, 0, 0, 0, 0, 0, 0, 0, 0, 0, 0, 0, 0, 0)","(0, 0, 0, 0, 0, 0, 0, 0, 0, 0, 0, 0, 0, 0, 0, 0)","(0, 0, 0, 0, 0, 0, 0, 0, 0, 0, 0, 0, 0, 0, 0, 0)",11,0,0,0,0,0,0,0,512,,,
0xCAFE,62624,mtk,MTK 7916,2001988384,1358626912,20MHz,0,96,0,2048,76:fc:bf:84:12:45,"(-49, 0, 0, 0, 0, 0, 0, 0, 0, 0, 0, 0, 0, 0, 0, 0)","(0, 0, 0, 0, 0, 0, 0, 0, 0, 0, 0, 0, 0, 0, 0, 0)","(0, 0, 0, 0, 0, 0, 0, 0, 0, 0, 0, 0, 0, 0, 0, 0)",11,0,0,0,0,0,0,0,512,,,
0xCAFE,62625,mtk,MTK 7916,2001988384,1358626913,20MHz,0,97,0,2048,76:fc:bf:84:12:45,"(-49, 0, 0, 0, 0, 0, 0, 0, 0, 0, 0, 0, 0, 0, 0, 0)","(0, 0, 0, 0, 0, 0, 0, 0, 0, 0, 0, 0, 0, 0, 0, 0)","(0, 0, 0, 0, 0, 0, 0, 0, 0, 0, 0, 0, 0, 0, 0, 0)",11,0,0,0,0,0,0,0,512,,,
0xCAFE,62626,mtk,MTK 7916,2001988384,1358626914,20MHz,0,98,0,2048,76:fc:bf:84:12:45,"(-49, 0, 0, 0, 0, 0, 0, 0, 0, 0, 0, 0, 0, 0, 0, 0)","(0, 0, 0, 0, 0, 0, 0, 0, 0, 0, 0, 0, 0, 0, 0, 0)","(0, 0, 0, 0, 0, 0, 0, 0, 0, 0, 0, 0, 0, 0, 0, 0)",11,0,0,0,0,0,0,0,512,,,
0xCAFE,62627,mtk,MTK 7916,2001988384,1358626915,20MHz,0,99,0,2048,76:fc:bf:84:12:45,"(-49, 0, 0, 0, 0, 0, 0, 0, 0, 0, 0, 0, 0, 0, 0, 0)","(0, 0, 0, 0, 0, 0, 0, 0, 0, 0, 0, 0, 0, 0, 0, 0)","(0, 0, 0, 0, 0, 0, 0, 0, 0, 0, 0, 0, 0, 0, 0, 0)",11,0,0,0,0,0,0,0,512,,,
0xCAFE,62628,mtk,MTK 7916,2001988384,1358626916,20MHz,0,100,0,2048,76:fc:bf:84:12:45,"(-49, 0, 0, 0, 0, 0, 0, 0, 0, 0, 0, 0, 0, 0, 0, 0)","(0, 0, 0, 0, 0, 0, 0, 0, 0, 0, 0, 0, 0, 0, 0, 0)","(0, 0, 0, 0, 0, 0, 0, 0, 0, 0, 0, 0, 0, 0, 0, 0)",11,0,0,0,0,0,0,0,512,,,
0xCAFE,62629,mtk,MTK 7916,2001988384,1358659685,20MHz,0,101,0,2048,76:fc:bf:84:12:45,"(-49, 0, 0, 0, 0, 0, 0, 0, 0, 0, 0, 0, 0, 0, 0, 0)","(0, 0, 0, 0, 0, 0, 0, 0, 0, 0, 0, 0, 0, 0, 0, 0)","(0, 0, 0, 0, 0, 0, 0, 0, 0, 0, 0, 0, 0, 0, 0, 0)",11,0,0,0,0,0,0,0,512,,,
0xCAFE,62630,mtk,MTK 7916,2002054558,1358692448,20MHz,0,96,0,2048,76:fc:bf:84:12:45,"(-48, 0, 0, 0, 0, 0, 0, 0, 0, 0, 0, 0, 0, 0, 0, 0)","(0, 0, 0, 0, 0, 0, 0, 0, 0, 0, 0, 0, 0, 0, 0, 0)","(0, 0, 0, 0, 0, 0, 0, 0, 0, 0, 0, 0, 0, 0, 0, 0)",11,0,0,0,0,0,0,0,512,,,
0xCAFE,62634,mtk,MTK 7916,2002054558,1358692452,20MHz,0,100,0,2048,76:fc:bf:84:12:45,"(-48, 0, 0, 0, 0, 0, 0, 0, 0, 0, 0, 0, 0, 0, 0, 0)","(0, 0, 0, 0, 0, 0, 0, 0, 0, 0, 0, 0, 0, 0, 0, 0)","(0, 0, 0, 0, 0, 0, 0, 0, 0, 0, 0, 0, 0, 0, 0, 0)",11,0,0,0,0,0,0,0,512,,,
0xCAFE,62635,mtk,MTK 7916,2002054558,1358725221,20MHz,0,101,0,2048,76:fc:bf:84:12:45,"(-48, 0, 0, 0, 0, 0, 0, 0, 0, 0, 0, 0, 0, 0, 0, 0)","(0, 0, 0, 0, 0, 0, 0, 0, 0, 0, 0, 0, 0, 0, 0, 0)","(0, 0, 0, 0, 0, 0, 0, 0, 0, 0, 0, 0, 0, 0, 0, 0)",11,0,0,0,0,0,0,0,512,,,
0xCAFE,62636,mtk,MTK 7916,2002100627,1358757984,20MHz,0,96,0,2048,76:fc:bf:84:12:45,"(-49, 0, 0, 0, 0, 0, 0, 0, 0, 0, 0, 0, 0, 0, 0, 0)","(0, 0, 0, 0, 0, 0, 0, 0, 0, 0, 0, 0, 0, 0, 0, 0)","(0, 0, 0, 0, 0, 0, 0, 0, 0, 0, 0, 0, 0, 0, 0, 0)",11,0,0,0,0,0,0,0,512,,,
0xCAFE,62637,mtk,MTK 7916,2002100627,1358757985,20MHz,0,97,0,2048,76:fc:bf:84:12:45,"(-49, 0, 0, 0, 0, 0, 0, 0, 0, 0, 0, 0, 0, 0, 0, 0)","(0, 0, 0, 0, 0, 0, 0, 0, 0, 0, 0, 0, 0, 0, 0, 0)","(0, 0, 0, 0, 0, 0, 0, 0, 0, 0, 0, 0, 0, 0, 0, 0)",11,0,0,0,0,0,0,0,512,,,
0xCAFE,62638,mtk,MTK 7916,2002100627,1358757986,20MHz,0,98,0,2048,76:fc:bf:84:12:45,"(-49, 0, 0, 0, 0, 0, 0, 0, 0, 0, 0, 0, 0, 0, 0, 0)","(0, 0, 0, 0, 0, 0, 0, 0, 0, 0, 0, 0, 0, 0, 0, 0)","(0, 0, 0, 0, 0, 0, 0, 0, 0, 0, 0, 0, 0, 0, 0, 0)",11,0,0,0,0,0,0,0,512,,,
0xCAFE,62639,mtk,MTK 7916,2002100627,1358757987,20MHz,0,99,0,2048,76:fc:bf:84:12:45,"(-49, 0, 0, 0, 0, 0, 0, 0, 0, 0, 0, 0, 0, 0, 0, 0)","(0, 0, 0, 0, 0, 0, 0, 0, 0, 0, 0, 0, 0, 0, 0, 0)","(0, 0, 0, 0, 0, 0, 0, 0, 0, 0, 0, 0, 0, 0, 0, 0)",11,0,0,0,0,0,0,0,512,,,
0xCAFE,62640,mtk,MTK 7916,2002100627,1358757988,20MHz,0,100,0,2048,76:fc:bf:84:12:45,"(-49, 0, 0, 0, 0, 0, 0, 0, 0, 0, 0, 0, 0, 0, 0, 0)","(0, 0, 0, 0, 0, 0, 0, 0, 0, 0, 0, 0, 0, 0, 0, 0)","(0, 0, 0, 0, 0, 0, 0, 0, 0, 0, 0, 0, 0, 0, 0, 0)",11,0,0,0,0,0,0,0,512,,,
0xCAFE,62641,mtk,MTK 7916,2002100627,1358790757,20MHz,0,101,0,2048,76:fc:bf:84:12:45,"(-49, 0, 0, 0, 0, 0, 0, 0, 0, 0, 0, 0, 0, 0, 0, 0)","(0, 0, 0, 0, 0, 0, 0, 0, 0, 0, 0, 0, 0, 0, 0, 0)","(0, 0, 0, 0, 0, 0, 0, 0, 0, 0, 0, 0, 0, 0, 0, 0)",11,0,0,0,0,0,0,0,512,,,
0xCAFE,62642,mtk,MTK 7916,2002144450,1358823520,20MHz,0,96,0,2048,76:fc:bf:84:12:45,"(-49, 0, 0, 0, 0, 0, 0, 0, 0, 0, 0, 0, 0, 0, 0, 0)","(0, 0, 0, 0, 0, 0, 0, 0, 0, 0, 0, 0, 0, 0, 0, 0)","(0, 0, 0, 0, 0, 0, 0, 0, 0, 0, 0, 0, 0, 0, 0, 0)",11,0,0,0,0,0,0,0,512,,,
0xCAFE,62643,mtk,MTK 7916,2002144450,1358823521,20MHz,0,97,0,2048,76:fc:bf:84:12:45,"(-49, 0, 0, 0, 0, 0, 0, 0, 0, 0, 0, 0, 0, 0, 0, 0)","(0, 0, 0, 0, 0, 0, 0, 0, 0, 0, 0, 0, 0, 0, 0, 0)","(0, 0, 0, 0, 0, 0, 0, 0, 0, 0, 0, 0, 0, 0, 0, 0)",11,0,0,0,0,0,0,0,512,,,
0xCAFE,62644,mtk,MTK 7916,2002144450,1358823522,20MHz,0,98,0,2048,76:fc:bf:84:12:45,"(-49, 0, 0, 0, 0, 0, 0, 0, 0, 0, 0, 0, 0, 0, 0, 0)","(0, 0, 0, 0, 0, 0, 0, 0, 0, 0, 0, 0, 0, 0, 0, 0)","(0, 0, 0, 0, 0, 0, 0, 0, 0, 0, 0, 0, 0, 0, 0, 0)",11,0,0,0,0,0,0,0,512,,,
0xCAFE,62645,mtk,MTK 7916,2002144450,1358823523,20MHz,0,99,0,2048,76:fc:bf:84:12:45,"(-49, 0, 0, 0, 0, 0, 0, 0, 0, 0, 0, 0, 0, 0, 0, 0)","(0, 0, 0, 0, 0, 0, 0, 0, 0, 0, 0, 0, 0, 0, 0, 0)","(0, 0, 0, 0, 0, 0, 0, 0, 0, 0, 0, 0, 0, 0, 0, 0)",11,0,0,0,0,0,0,0,512,,,
0xCAFE,62646,mtk,MTK 7916,2002144450,1358823524,20MHz,0,100,0,2048,76:fc:bf:84:12:45,"(-49, 0, 0, 0, 0, 0, 0, 0, 0, 0, 0, 0, 0, 0, 0, 0)","(0, 0, 0, 0, 0, 0, 0, 0, 0, 0, 0, 0, 0, 0, 0, 0)","(0, 0, 0, 0, 0, 0, 0, 0, 0, 0, 0, 0, 0, 0, 0, 0)",11,0,0,0,0,0,0,0,512,,,
0xCAFE,62647,mtk,MTK 7916,2002144450,1358856293,20MHz,0,101,0,2048,76:fc:bf:84:12:45,"(-49, 0, 0, 0, 0, 0, 0, 0, 0, 0, 0, 0, 0, 0, 0, 0)","(0, 0, 0, 0, 0, 0, 0, 0, 0, 0, 0, 0, 0, 0, 0, 0)","(0, 0, 0, 0, 0, 0, 0, 0, 0, 0, 0, 0, 0, 0, 0, 0)",11,0,0,0,0,0,0,0,512,,,
0xCAFE,62648,mtk,MTK 7916,2002189072,1358889056,20MHz,0,96,0,2048,76:fc:bf:84:12:45,"(-50, 0, 0, 0, 0, 0, 0, 0, 0, 0, 0, 0, 0, 0, 0, 0)","(0, 0, 0, 0, 0, 0, 0, 0, 0, 0, 0, 0, 0, 0, 0, 0)","(0, 0, 0, 0, 0, 0, 0, 0, 0, 0, 0, 0, 0, 0, 0, 0)",11,0,0,0,0,0,0,0,512,,,
0xCAFE,62649,mtk,MTK 7916,2002189072,1358889057,20MHz,0,97,0,2048,76:fc:bf:84:12:45,"(-50, 0, 0, 0, 0, 0, 0, 0, 0, 0, 0, 0, 0, 0, 0, 0)","(0, 0, 0, 0, 0, 0, 0, 0, 0, 0, 0, 0, 0, 0, 0, 0)","(0, 0, 0, 0, 0, 0, 0, 0, 0, 0, 0, 0, 0, 0, 0, 0)",11,0,0,0,0,0,0,0,512,,,
0xCAFE,62650,mtk,MTK 7916,2002189072,1358889058,20MHz,0,98,0,2048,76:fc:bf:84:12:45,"(-50, 0, 0, 0, 0, 0, 0, 0, 0, 0, 0, 0, 0, 0, 0, 0)","(0, 0, 0, 0, 0, 0, 0, 0, 0, 0, 0, 0, 0, 0, 0, 0)","(0, 0, 0, 0, 0, 0, 0, 0, 0, 0, 0, 0, 0, 0, 0, 0)",11,0,0,0,0,0,0,0,512,,,
0xCAFE,62654,mtk,MTK 7916,2002232164,1358954592,20MHz,0,96,0,2048,76:fc:bf:84:12:45,"(-50, 0, 0, 0, 0, 0, 0, 0, 0, 0, 0, 0, 0, 0, 0, 0)","(0, 0, 0, 0, 0, 0, 0, 0, 0, 0, 0, 0, 0, 0, 0, 0)","(0, 0, 0, 0, 0, 0, 0, 0, 0, 0, 0, 0, 0, 0, 0, 0)",11,0,0,0,0,0,0,0,512,,,
0xCAFE,62655,mtk,MTK 7916,2002232164,1358954593,20MHz,0,97,0,2048,76:fc:bf:84:12:45,"(-50, 0, 0, 0, 0, 0, 0, 0, 0, 0, 0, 0, 0, 0, 0, 0)","(0, 0, 0, 0, 0, 0, 0, 0, 0, 0, 0, 0, 0, 0, 0, 0)","(0, 0, 0, 0, 0, 0, 0, 0, 0, 0, 0, 0, 0, 0, 0, 0)",11,0,0,0,0,0,0,0,512,,,
0xCAFE,62656,mtk,MTK 7916,2002232164,1358954594,20MHz,0,98,0,2048,76:fc:bf:84:12:45,"(-50, 0, 0, 0, 0, 0, 0, 0, 0, 0, 0, 0, 0, 0, 0, 0)","(0, 0, 0, 0, 0, 0, 0, 0, 0, 0, 0, 0, 0, 0, 0, 0)","(0, 0, 0, 0, 0, 0, 0, 0, 0, 0, 0, 0, 0, 0, 0, 0)",11,0,0,0,0,0,0,0,512,,,
0xCAFE,62657,mtk,MTK 7916,2002232164,1358954595,20MHz,0,99,0,2048,76:fc:bf:84:12:45,"(-50, 0, 0, 0, 0, 0, 0, 0, 0, 0, 0, 0, 0, 0, 0, 0)","(0, 0, 0, 0, 0, 0, 0, 0, 0, 0, 0, 0, 0, 0, 0, 0)","(0, 0, 0, 0, 0, 0, 0, 0, 0, 0, 0, 0, 0, 0, 0, 0)",11,0,0,0,0,0,0,0,512,,,
0xCAFE,62658,mtk,MTK 7916,2002232164,1358954596,20MHz,0,100,0,2048,76:fc:bf:84:12:45,"(-50, 0, 0, 0, 0, 0, 0, 0, 0, 0, 0, 0, 0, 0, 0, 0)","(0, 0, 0, 0, 0, 0, 0, 0, 0, 0, 0, 0, 0, 0, 0, 0)","(0, 0, 0, 0, 0, 0, 0, 0, 0, 0, 0, 0, 0, 0, 0, 0)",11,0,0,0,0,0,0,0,512,,,
0xCAFE,62659,mtk,MTK 7916,2002232164,1358987365,20MHz,0,101,0,2048,76:fc:bf:84:12:45,"(-50, 0, 0, 0, 0, 0, 0, 0, 0, 0, 0, 0, 0, 0, 0, 0)","(0, 0, 0, 0, 0, 0, 0, 0, 0, 0, 0, 0, 0, 0, 0, 0)","(0, 0, 0, 0, 0, 0, 0, 0, 0, 0, 0, 0, 0, 0, 0, 0)",11,0,0,0,0,0,0,0,512,,,
0xCAFE,62660,mtk,MTK 7916,2002276088,1359020128,20MHz,0,96,0,2048,76:fc:bf:84:12:45,"(-49, 0, 0, 0, 0, 0, 0, 0, 0, 0, 0, 0, 0, 0, 0, 0)","(0, 0, 0, 0, 0, 0, 0, 0, 0, 0, 0, 0, 0, 0, 0, 0)","(0, 0, 0, 0, 0, 0, 0, 0, 0, 0, 0, 0, 0, 0, 0, 0)",11,0,0,0,0,0,0,0,512,,,
0xCAFE,62661,mtk,MTK 7916,2002276088,1359020129,20MHz,0,97,0,2048,76:fc:bf:84:12:45,"(-49, 0, 0, 0, 0, 0, 0, 0, 0, 0, 0, 0, 0, 0, 0, 0)","(0, 0, 0, 0, 0, 0, 0, 0, 0, 0, 0, 0, 0, 0, 0, 0)","(0, 0, 0, 0, 0, 0, 0, 0, 0, 0, 0, 0, 0, 0, 0, 0)",11,0,0,0,0,0,0,0,512,,,
0xCAFE,62662,mtk,MTK 7916,2002276088,1359020130,20MHz,0,98,0,2048,76:fc:bf:84:12:45,"(-49, 0, 0, 0, 0, 0, 0, 0, 0, 0, 0, 0, 0, 0, 0, 0)","(0, 0, 0, 0, 0, 0, 0, 0, 0, 0, 0, 0, 0, 0, 0, 0)","(0, 0, 0, 0, 0, 0, 0, 0, 0, 0, 0, 0, 0, 0, 0, 0)",11,0,0,0,0,0,0,0,512,,,
0xCAFE,62663,mtk,MTK 7916,2002276088,1359020131,20MHz,0,99,0,2048,76:fc:bf:84:12:45,"(-49, 0, 0, 0, 0, 0, 0, 0, 0, 0, 0, 0, 0, 0, 0, 0)","(0, 0, 0, 0, 0, 0, 0, 0, 0, 0, 0, 0, 0, 0, 0, 0)","(0, 0, 0, 0, 0, 0, 0, 0, 0, 0, 0, 0, 0, 0, 0, 0)",11,0,0,0,0,0,0,0,512,,,
0xCAFE,62664,mtk,MTK 7916,2002276088,1359020132,20MHz,0,100,0,2048,76:fc:bf:84:12:45,"(-49, 0, 0, 0, 0, 0, 0, 0, 0, 0, 0, 0, 0, 0, 0, 0)","(0, 0, 0, 0, 0, 0, 0, 0, 0, 0, 0, 0, 0, 0, 0, 0)","(0, 0, 0, 0, 0, 0, 0, 0, 0, 0, 0, 0, 0, 0, 0, 0)",11,0,0,0,0,0,0,0,512,,,
0xCAFE,62665,mtk,MTK 7916,2002276088,1359052901,20MHz,0,101,0,2048,76:fc:bf:84:12:45,"(-49, 0, 0, 0, 0, 0, 0, 0, 0, 0, 0, 0, 0, 0, 0, 0)","(0, 0, 0, 0, 0, 0, 0, 0, 0, 0, 0, 0, 0, 0, 0, 0)","(0, 0, 0, 0, 0, 0, 0, 0, 0, 0, 0, 0, 0, 0, 0, 0)",11,0,0,0,0,0,0,0,512,,,
0xCAFE,62666,mtk,MTK 7916,2002319612,1359085664,20MHz,0,96,0,2048,76:fc:bf:84:12:45,"(-50, 0, 0, 0, 0, 0, 0, 0, 0, 0, 0, 0, 0, 0, 0, 0)","(0, 0, 0, 0, 0, 0, 0, 0, 0, 0, 0, 0, 0, 0, 0, 0)","(0, 0, 0, 0, 0, 0, 0, 0, 0, 0, 0, 0, 0, 0, 0, 0)",11,0,0,0,0,0,0,0,512,,,
0xCAFE,62667,mtk,MTK 7916,2002319612,1359085665,20MHz,0,97,0,2048,76:fc:bf:84:12:45,"(-50, 0, 0, 0, 0, 0, 0, 0, 0, 0, 0, 0, 0, 0, 0, 0)","(0, 0, 0, 0, 0, 0, 0, 0, 0, 0, 0, 0, 0, 0, 0, 0)","(0, 0, 0, 0, 0, 0, 0, 0, 0, 0, 0, 0, 0, 0, 0, 0)",11,0,0,0,0,0,0,0,512,,,
0xCAFE,62668,mtk,MTK 7916,2002319612,1359085666,20MHz,0,98,0,2048,76:fc:bf:84:12:45,"(-50, 0, 0, 0, 0, 0, 0, 0, 0, 0, 0, 0, 0, 0, 0, 0)","(0, 0, 0, 0, 0, 0, 0, 0, 0, 0, 0, 0, 0, 0, 0, 0)","(0, 0, 0, 0, 0, 0, 0, 0, 0, 0, 0, 0, 0, 0, 0, 0)",11,0,0,0,0,0,0,0,512,,,
0xCAFE,62669,mtk,MTK 7916,2002319612,1359085667,20MHz,0,99,0,2048,76:fc:bf:84:12:45,"(-50, 0, 0, 0, 0, 0, 0, 0, 0, 0, 0, 0, 0, 0, 0, 0)","(0, 0, 0, 0, 0, 0, 0, 0, 0, 0, 0, 0, 0, 0, 0, 0)","(0, 0, 0, 0, 0, 0, 0, 0, 0, 0, 0, 0, 0, 0, 0, 0)",11,0,0,0,0,0,0,0,512,,,
0xCAFE,62670,mtk,MTK 7916,2002319612,1359085668,20MHz,0,100,0,2048,76:fc:bf:84:12:45,"(-50, 0, 0, 0, 0, 0, 0, 0, 0, 0, 0, 0, 0, 0, 0, 0)","(0, 0, 0, 0, 0, 0, 0, 0, 0, 0, 0, 0, 0, 0, 0, 0)","(0, 0, 0, 0, 0, 0, 0, 0, 0, 0, 0, 0, 0, 0, 0, 0)",11,0,0,0,0,0,0,0,512,,,
0xCAFE,62671,mtk,MTK 7916,2002319612,1359118437,20MHz,0,101,0,2048,76:fc:bf:84:12:45,"(-50, 0, 0, 0, 0, 0, 0, 0, 0, 0, 0, 0, 0, 0, 0, 0)","(0, 0, 0, 0, 0, 0, 0, 0, 0, 0, 0, 0, 0, 0, 0, 0)","(0, 0, 0, 0, 0, 0, 0, 0, 0, 0, 0, 0, 0, 0, 0, 0)",11,0,0,0,0,0,0,0,512,,,
0xCAFE,62674,mtk,MTK 7916,2002362005,1359151202,20MHz,0,98,0,2048,76:fc:bf:84:12:45,"(-50, 0, 0, 0, 0, 0, 0, 0, 0, 0, 0, 0, 0, 0, 0, 0)","(0, 0, 0, 0, 0, 0, 0, 0, 0, 0, 0, 0, 0, 0, 0, 0)","(0, 0, 0, 0, 0, 0, 0, 0, 0, 0, 0, 0, 0, 0, 0, 0)",11,0,0,0,0,0,0,0,512,,,
0xCAFE,62675,mtk,MTK 7916,2002362005,1359151203,20MHz,0,99,0,2048,76:fc:bf:84:12:45,"(-50, 0, 0, 0, 0, 0, 0, 0, 0, 0, 0, 0, 0, 0, 0, 0)","(0, 0, 0, 0, 0, 0, 0, 0, 0, 0, 0, 0, 0, 0, 0, 0)","(0, 0, 0, 0, 0, 0, 0, 0, 0, 0, 0, 0, 0, 0, 0, 0)",11,0,0,0,0,0,0,0,512,,,
0xCAFE,62676,mtk,MTK 7916,2002362005,1359151204,20MHz,0,100,0,2048,76:fc:bf:84:12:45,"(-50, 0, 0, 0, 0, 0, 0, 0, 0, 0, 0, 0, 0, 0, 0, 0)","(0, 0, 0, 0, 0, 0, 0, 0, 0, 0, 0, 0, 0, 0, 0, 0)","(0, 0, 0, 0, 0, 0, 0, 0, 0, 0, 0, 0, 0, 0, 0, 0)",11,0,0,0,0,0,0,0,512,,,
0xCAFE,62677,mtk,MTK 7916,2002362005,1359183973,20MHz,0,101,0,2048,76:fc:bf:84:12:45,"(-50, 0, 0, 0, 0, 0, 0, 0, 0, 0, 0, 0, 0, 0, 0, 0)","(0, 0, 0, 0, 0, 0, 0, 0, 0, 0, 0, 0, 0, 0, 0, 0)","(0, 0, 0, 0, 0, 0, 0, 0, 0, 0, 0, 0, 0, 0, 0, 0)",11,0,0,0,0,0,0,0,512,,,
0xCAFE,62678,mtk,MTK 7916,2002402533,1359216736,20MHz,0,96,0,2048,76:fc:bf:84:12:45,"(-50, 0, 0, 0, 0, 0, 0, 0, 0, 0, 0, 0, 0, 0, 0, 0)","(0, 0, 0, 0, 0, 0, 0, 0, 0, 0, 0, 0, 0, 0, 0, 0)","(0, 0, 0, 0, 0, 0, 0, 0, 0, 0, 0, 0, 0, 0, 0, 0)",11,0,0,0,0,0,0,0,512,,,
0xCAFE,62679,mtk,MTK 7916,2002402533,1359216737,20MHz,0,97,0,2048,76:fc:bf:84:12:45,"(-50, 0, 0, 0, 0, 0, 0, 0, 0, 0, 0, 0, 0, 0, 0, 0)","(0, 0, 0, 0, 0, 0, 0, 0, 0, 0, 0, 0, 0, 0, 0, 0)","(0, 0, 0, 0, 0, 0, 0, 0, 0, 0, 0, 0, 0, 0, 0, 0)",11,0,0,0,0,0,0,0,512,,,
0xCAFE,62680,mtk,MTK 7916,2002402533,1359216738,20MHz,0,98,0,2048,76:fc:bf:84:12:45,"(-50, 0, 0, 0, 0, 0, 0, 0, 0, 0, 0, 0, 0, 0, 0, 0)","(0, 0, 0, 0, 0, 0, 0, 0, 0, 0, 0, 0, 0, 0, 0, 0)","(0, 0, 0, 0, 0, 0, 0, 0, 0, 0, 0, 0, 0, 0, 0, 0)",11,0,0,0,0,0,0,0,512,,,
0xCAFE,62681,mtk,MTK 7916,2002402533,1359216739,20MHz,0,99,0,2048,76:fc:bf:84:12:45,"(-50, 0, 0, 0, 0, 0, 0, 0, 0, 0, 0, 0, 0, 0, 0, 0)","(0, 0, 0, 0, 0, 0, 0, 0, 0, 0, 0, 0, 0, 0, 0, 0)","(0, 0, 0, 0, 0, 0, 0, 0, 0, 0, 0, 0, 0, 0, 0, 0)",11,0,0,0,0,0,0,0,512,,,
0xCAFE,62682,mtk,MTK 7916,2002402533,1359216740,20MHz,0,100,0,2048,76:fc:bf:84:12:45,"(-50, 0, 0, 0, 0, 0, 0, 0, 0, 0, 0, 0, 0, 0, 0, 0)","(0, 0, 0, 0, 0, 0, 0, 0, 0, 0, 0, 0, 0, 0, 0, 0)","(0, 0, 0, 0, 0, 0, 0, 0, 0, 0, 0, 0, 0, 0, 0, 0)",11,0,0,0,0,0,0,0,512,,,
0xCAFE,62683,mtk,MTK 7916,2002402533,1359249509,20MHz,0,101,0,2048,76:fc:bf:84:12:45,"(-50, 0, 0, 0, 0, 0, 0, 0, 0, 0, 0, 0, 0, 0, 0, 0)","(0, 0, 0, 0, 0, 0, 0, 0, 0, 0, 0, 0, 0, 0, 0, 0)","(0, 0, 0, 0, 0, 0, 0, 0, 0, 0, 0, 0, 0, 0, 0, 0)",11,0,0,0,0,0,0,0,512,,,
0xCAFE,62684,mtk,MTK 7916,2002508909,1359282272,20MHz,0,96,0,2048,76:fc:bf:84:12:45,"(-50, 0, 0, 0, 0, 0, 0, 0, 0, 0, 0, 0, 0, 0, 0, 0)","(0, 0, 0, 0, 0, 0, 0, 0, 0, 0, 0, 0, 0, 0, 0, 0)","(0, 0, 0, 0, 0, 0, 0, 0, 0, 0, 0, 0, 0, 0, 0, 0)",11,0,0,0,0,0,0,0,512,,,
0xCAFE,62685,mtk,MTK 7916,2002508909,1359282273,20MHz,0,97,0,2048,76:fc:bf:84:12:45,"(-50, 0, 0, 0, 0, 0, 0, 0, 0, 0, 0, 0, 0, 0, 0, 0)","(0, 0, 0, 0, 0, 0, 0, 0, 0, 0, 0, 0, 0, 0, 0, 0)","(0, 0, 0, 0, 0, 0, 0, 0, 0, 0, 0, 0, 0, 0, 0, 0)",11,0,0,0,0,0,0,0,512,,,
0xCAFE,62686,mtk,MTK 7916,2002508909,1359282274,20MHz,0,98,0,2048,76:fc:bf:84:12:45,"(-50, 0, 0, 0, 0, 0, 0, 0, 0, 0, 0, 0, 0, 0, 0, 0)","(0, 0, 0, 0, 0, 0, 0, 0, 0, 0, 0, 0, 0, 0, 0, 0)","(0, 0, 0, 0, 0, 0, 0, 0, 0, 0, 0, 0, 0, 0, 0, 0)",11,0,0,0,0,0,0,0,512,,,
0xCAFE,62687,mtk,MTK 7916,2002508909,1359282275,20MHz,0,99,0,2048,76:fc:bf:84:12:45,"(-50, 0, 0, 0, 0, 0, 0, 0, 0, 0, 0, 0, 0, 0, 0, 0)","(0, 0, 0, 0, 0, 0, 0, 0, 0, 0, 0, 0, 0, 0, 0, 0)","(0, 0, 0, 0, 0, 0, 0, 0, 0, 0, 0, 0, 0, 0, 0, 0)",11,0,0,0,0,0,0,0,512,,,
0xCAFE,62688,mtk,MTK 7916,2002508909,1359282276,20MHz,0,100,0,2048,76:fc:bf:84:12:45,"(-50, 0, 0, 0, 0, 0, 0, 0, 0, 0, 0, 0, 0, 0, 0, 0)","(0, 0, 0, 0, 0, 0, 0, 0, 0, 0, 0, 0, 0, 0, 0, 0)","(0, 0, 0, 0, 0, 0, 0, 0, 0, 0, 0, 0, 0, 0, 0, 0)",11,0,0,0,0,0,0,0,512,,,
0xCAFE,62689,mtk,MTK 7916,2002508909,1359315045,20MHz,0,101,0,2048,76:fc:bf:84:12:45,"(-50, 0, 0, 0, 0, 0, 0, 0, 0, 0, 0, 0, 0, 0, 0, 0)","(0, 0, 0, 0, 0, 0, 0, 0, 0, 0, 0, 0, 0, 0, 0, 0)","(0, 0, 0, 0, 0, 0, 0, 0, 0, 0, 0, 0, 0, 0, 0, 0)",11,0,0,0,0,0,0,0,512,,,
0xCAFE,62690,mtk,MTK 7916,2002892221,1359347808,20MHz,0,96,0,2048,76:fc:bf:84:12:45,"(-47, 0, 0, 0, 0, 0, 0, 0, 0, 0, 0, 0, 0, 0, 0, 0)","(0, 0, 0, 0, 0, 0, 0, 0, 0, 0, 0, 0, 0, 0, 0, 0)","(0, 0, 0, 0, 0, 0, 0, 0, 0, 0, 0, 0, 0, 0, 0, 0)",11,0,0,0,0,0,0,0,512,,,
0xCAFE,62694,mtk,MTK 7916,2002892221,1359347812,20MHz,0,100,0,2048,76:fc:bf:84:12:45,"(-47, 0, 0, 0, 0, 0, 0, 0, 0, 0, 0, 0, 0, 0, 0, 0)","(0, 0, 0, 0, 0, 0, 0, 0, 0, 0, 0, 0, 0, 0, 0, 0)","(0, 0, 0, 0, 0, 0, 0, 0, 0, 0, 0, 0, 0, 0, 0, 0)",11,0,0,0,0,0,0,0,512,,,
0xCAFE,62695,mtk,MTK 7916,2002892221,1359380581,20MHz,0,101,0,2048,76:fc:bf:84:12:45,"(-47, 0, 0, 0, 0, 0, 0, 0, 0, 0, 0, 0, 0, 0, 0, 0)","(0, 0, 0, 0, 0, 0, 0, 0, 0, 0, 0, 0, 0, 0, 0, 0)","(0, 0, 0, 0, 0, 0, 0, 0, 0, 0, 0, 0, 0, 0, 0, 0)",11,0,0,0,0,0,0,0,512,,,
0xCAFE,62696,mtk,MTK 7916,2003008099,1359413344,20MHz,0,96,0,2048,76:fc:bf:84:12:45,"(-47, 0, 0, 0, 0, 0, 0, 0, 0, 0, 0, 0, 0, 0, 0, 0)","(0, 0, 0, 0, 0, 0, 0, 0, 0, 0, 0, 0, 0, 0, 0, 0)","(0, 0, 0, 0, 0, 0, 0, 0, 0, 0, 0, 0, 0, 0, 0, 0)",11,0,0,0,0,0,0,0,512,,,
0xCAFE,62697,mtk,MTK 7916,2003008099,1359413345,20MHz,0,97,0,2048,76:fc:bf:84:12:45,"(-47, 0, 0, 0, 0, 0, 0, 0, 0, 0, 0, 0, 0, 0, 0, 0)","(0, 0, 0, 0, 0, 0, 0, 0, 0, 0, 0, 0, 0, 0, 0, 0)","(0, 0, 0, 0, 0, 0, 0, 0, 0, 0, 0, 0, 0, 0, 0, 0)",11,0,0,0,0,0,0,0,512,,,
0xCAFE,62698,mtk,MTK 7916,2003008099,1359413346,20MHz,0,98,0,2048,76:fc:bf:84:12:45,"(-47, 0, 0, 0, 0, 0, 0, 0, 0, 0, 0, 0, 0, 0, 0, 0)","(0, 0, 0, 0, 0, 0, 0, 0, 0, 0, 0, 0, 0, 0, 0, 0)","(0, 0, 0, 0, 0, 0, 0, 0, 0, 0, 0, 0, 0, 0, 0, 0)",11,0,0,0,0,0,0,0,512,,,
0xCAFE,62699,mtk,MTK 7916,2003008099,1359413347,20MHz,0,99,0,2048,76:fc:bf:84:12:45,"(-47, 0, 0, 0, 0, 0, 0, 0, 0, 0, 0, 0, 0, 0, 0, 0)","(0, 0, 0, 0, 0, 0, 0, 0, 0, 0, 0, 0, 0, 0, 0, 0)","(0, 0, 0, 0, 0, 0, 0, 0, 0, 0, 0, 0, 0, 0, 0, 0)",11,0,0,0,0,0,0,0,512,,,
0xCAFE,62700,mtk,MTK 7916,2003008099,1359413348,20MHz,0,100,0,2048,76:fc:bf:84:12:45,"(-47, 0, 0, 0, 0, 0, 0, 0, 0, 0, 0, 0, 0, 0, 0, 0)","(0, 0, 0, 0, 0, 0, 0, 0, 0, 0, 0, 0, 0, 0, 0, 0)","(0, 0, 0, 0, 0, 0, 0, 0, 0, 0, 0, 0, 0, 0, 0, 0)",11,0,0,0,0,0,0,0,512,,,
0xCAFE,62701,mtk,MTK 7916,2003008099,1359446117,20MHz,0,101,0,2048,76:fc:bf:84:12:45,"(-47, 0, 0, 0, 0, 0, 0, 0, 0, 0, 0, 0, 0, 0, 0, 0)","(0, 0, 0, 0, 0, 0, 0, 0, 0, 0, 0, 0, 0, 0, 0, 0)","(0, 0, 0, 0, 0, 0, 0, 0, 0, 0, 0, 0, 0, 0, 0, 0)",11,0,0,0,0,0,0,0,512,,,
0xCAFE,62702,mtk,MTK 7916,2003393828,1359478880,20MHz,0,96,0,2048,76:fc:bf:84:12:45,"(-46, 0, 0, 0, 0, 0, 0, 0, 0, 0, 0, 0, 0, 0, 0, 0)","(0, 0, 0, 0, 0, 0, 0, 0, 0, 0, 0, 0, 0, 0, 0, 0)","(0, 0, 0, 0, 0, 0, 0, 0, 0, 0, 0, 0, 0, 0, 0, 0)",11,0,0,0,0,0,0,0,512,,,
0xCAFE,62703,mtk,MTK 7916,2003393828,1359478881,20MHz,0,97,0,2048,76:fc:bf:84:12:45,"(-46, 0, 0, 0, 0, 0, 0, 0, 0, 0, 0, 0, 0, 0, 0, 0)","(0, 0, 0, 0, 0, 0, 0, 0, 0, 0, 0, 0, 0, 0, 0, 0)","(0, 0, 0, 0, 0, 0, 0, 0, 0, 0, 0, 0, 0, 0, 0, 0)",11,0,0,0,0,0,0,0,512,,,
0xCAFE,62704,mtk,MTK 7916,2003393828,1359478882,20MHz,0,98,0,2048,76:fc:bf:84:12:45,"(-46, 0, 0, 0, 0, 0, 0, 0, 0, 0, 0, 0, 0, 0, 0, 0)","(0, 0, 0, 0, 0, 0, 0, 0, 0, 0, 0, 0, 0, 0, 0, 0)","(0, 0, 0, 0, 0, 0, 0, 0, 0, 0, 0, 0, 0, 0, 0, 0)",11,0,0,0,0,0,0,0,512,,,
0xCAFE,62705,mtk,MTK 7916,2003393828,1359478883,20MHz,0,99,0,2048,76:fc:bf:84:12:45,"(-46, 0, 0, 0, 0, 0, 0, 0, 0, 0, 0, 0, 0, 0, 0, 0)","(0, 0, 0, 0, 0, 0, 0, 0, 0, 0, 0, 0, 0, 0, 0, 0)","(0, 0, 0, 0, 0, 0, 0, 0, 0, 0, 0, 0, 0, 0, 0, 0)",11,0,0,0,0,0,0,0,512,,,
0xCAFE,62706,mtk,MTK 7916,2003393828,1359478884,20MHz,0,100,0,2048,76:fc:bf:84:12:45,"(-46, 0, 0, 0, 0, 0, 0, 0, 0, 0, 0, 0, 0, 0, 0, 0)","(0, 0, 0, 0, 0, 0, 0, 0, 0, 0, 0, 0, 0, 0, 0, 0)","(0, 0, 0, 0, 0, 0, 0, 0, 0, 0, 0, 0, 0, 0, 0, 0)",11,0,0,0,0,0,0,0,512,,,
0xCAFE,62707,mtk,MTK 7916,2003393828,1359511653,20MHz,0,101,0,2048,76:fc:bf:84:12:45,"(-46, 0, 0, 0, 0, 0, 0, 0, 0, 0, 0, 0, 0, 0, 0, 0)","(0, 0, 0, 0, 0, 0, 0, 0, 0, 0, 0, 0, 0, 0, 0, 0)","(0, 0, 0, 0, 0, 0, 0, 0, 0, 0, 0, 0, 0, 0, 0, 0)",11,0,0,0,0,0,0,0,512,,,
0xCAFE,62708,mtk,MTK 7916,2003509736,1359544416,20MHz,0,96,0,2048,76:fc:bf:84:12:45,"(-49, 0, 0, 0, 0, 0, 0, 0, 0, 0, 0, 0, 0, 0, 0, 0)","(0, 0, 0, 0, 0, 0, 0, 0, 0, 0, 0, 0, 0, 0, 0, 0)","(0, 0, 0, 0, 0, 0, 0, 0, 0, 0, 0, 0, 0, 0, 0, 0)",11,0,0,0,0,0,0,0,512,,,
0xCAFE,62709,mtk,MTK 7916,2003509736,1359544417,20MHz,0,97,0,2048,76:fc:bf:84:12:45,"(-49, 0, 0, 0, 0, 0, 0, 0, 0, 0, 0, 0, 0, 0, 0, 0)","(0, 0, 0, 0, 0, 0, 0, 0, 0, 0, 0, 0, 0, 0, 0, 0)","(0, 0, 0, 0, 0, 0, 0, 0, 0, 0, 0, 0, 0, 0, 0, 0)",11,0,0,0,0,0,0,0,512,,,
0xCAFE,62710,mtk,MTK 7916,2003509736,1359544418,20MHz,0,98,0,2048,76:fc:bf:84:12:45,"(-49, 0, 0, 0, 0, 0, 0, 0, 0, 0, 0, 0, 0, 0, 0, 0)","(0, 0, 0, 0, 0, 0, 0, 0, 0, 0, 0, 0, 0, 0, 0, 0)","(0, 0, 0, 0, 0, 0, 0, 0, 0, 0, 0, 0, 0, 0, 0, 0)",11,0,0,0,0,0,0,0,512,,,
0xCAFE,62711,mtk,MTK 7916,2003509736,1359544419,20MHz,0,99,0,2048,76:fc:bf:84:12:45,"(-49, 0, 0, 0, 0, 0, 0, 0, 0, 0, 0, 0, 0, 0, 0, 0)","(0, 0, 0, 0, 0, 0, 0, 0, 0, 0, 0, 0, 0, 0, 0, 0)","(0, 0, 0, 0, 0, 0, 0, 0, 0, 0, 0, 0, 0, 0, 0, 0)",11,0,0,0,0,0,0,0,512,,,
0xCAFE,62714,mtk,MTK 7916,2003894113,1359609952,20MHz,0,96,0,2048,76:fc:bf:84:12:45,"(-46, 0, 0, 0, 0, 0, 0, 0, 0, 0, 0, 0, 0, 0, 0, 0)","(0, 0, 0, 0, 0, 0, 0, 0, 0, 0, 0, 0, 0, 0, 0, 0)","(0, 0, 0, 0, 0, 0, 0, 0, 0, 0, 0, 0, 0, 0, 0, 0)",11,0,0,0,0,0,0,0,512,,,
0xCAFE,62715,mtk,MTK 7916,2003894113,1359609953,20MHz,0,97,0,2048,76:fc:bf:84:12:45,"(-46, 0, 0, 0, 0, 0, 0, 0, 0, 0, 0, 0, 0, 0, 0, 0)","(0, 0, 0, 0, 0, 0, 0, 0, 0, 0, 0, 0, 0, 0, 0, 0)","(0, 0, 0, 0, 0, 0, 0, 0, 0, 0, 0, 0, 0, 0, 0, 0)",11,0,0,0,0,0,0,0,512,,,
0xCAFE,62716,mtk,MTK 7916,2003894113,1359609954,20MHz,0,98,0,2048,76:fc:bf:84:12:45,"(-46, 0, 0, 0, 0, 0, 0, 0, 0, 0, 0, 0, 0, 0, 0, 0)","(0, 0, 0, 0, 0, 0, 0, 0, 0, 0, 0, 0, 0, 0, 0, 0)","(0, 0, 0, 0, 0, 0, 0, 0, 0, 0, 0, 0, 0, 0, 0, 0)",11,0,0,0,0,0,0,0,512,,,
0xCAFE,62717,mtk,MTK 7916,2003894113,1359609955,20MHz,0,99,0,2048,76:fc:bf:84:12:45,"(-46, 0, 0, 0, 0, 0, 0, 0, 0, 0, 0, 0, 0, 0, 0, 0)","(0, 0, 0, 0, 0, 0, 0, 0, 0, 0, 0, 0, 0, 0, 0, 0)","(0, 0, 0, 0, 0, 0, 0, 0, 0, 0, 0, 0, 0, 0, 0, 0)",11,0,0,0,0,0,0,0,512,,,
0xCAFE,62718,mtk,MTK 7916,2003894113,1359609956,20MHz,0,100,0,2048,76:fc:bf:84:12:45,"(-46, 0, 0, 0, 0, 0, 0, 0, 0, 0, 0, 0, 0, 0, 0, 0)","(0, 0, 0, 0, 0, 0, 0, 0, 0, 0, 0, 0, 0, 0, 0, 0)","(0, 0, 0, 0, 0, 0, 0, 0, 0, 0, 0, 0, 0, 0, 0, 0)",11,0,0,0,0,0,0,0,512,,,
0xCAFE,62719,mtk,MTK 7916,2003894113,1359642725,20MHz,0,101,0,2048,76:fc:bf:84:12:45,"(-46, 0, 0, 0, 0, 0, 0, 0, 0, 0, 0, 0, 0, 0, 0, 0)","(0, 0, 0, 0, 0, 0, 0, 0, 0, 0, 0, 0, 0, 0, 0, 0)","(0, 0, 0, 0, 0, 0, 0, 0, 0, 0, 0, 0, 0, 0, 0, 0)",11,0,0,0,0,0,0,0,512,,,
0xCAFE,62720,mtk,MTK 7916,2004008412,1359675488,20MHz,0,96,0,2048,76:fc:bf:84:12:45,"(-47, 0, 0, 0, 0, 0, 0, 0, 0, 0, 0, 0, 0, 0, 0, 0)","(0, 0, 0, 0, 0, 0, 0, 0, 0, 0, 0, 0, 0, 0, 0, 0)","(0, 0, 0, 0, 0, 0, 0, 0, 0, 0, 0, 0, 0, 0, 0, 0)",11,0,0,0,0,0,0,0,512,,,
0xCAFE,62721,mtk,MTK 7916,2004008412,1359675489,20MHz,0,97,0,2048,76:fc:bf:84:12:45,"(-47, 0, 0, 0, 0, 0, 0, 0, 0, 0, 0, 0, 0, 0, 0, 0)","(0, 0, 0, 0, 0, 0, 0, 0, 0, 0, 0, 0, 0, 0, 0, 0)","(0, 0, 0, 0, 0, 0, 0, 0, 0, 0, 0, 0, 0, 0, 0, 0)",11,0,0,0,0,0,0,0,512,,,
0xCAFE,62722,mtk,MTK 7916,2004008412,1359675490,20MHz,0,98,0,2048,76:fc:bf:84:12:45,"(-47, 0, 0, 0, 0, 0, 0, 0, 0, 0, 0, 0, 0, 0, 0, 0)","(0, 0, 0, 0, 0, 0, 0, 0, 0, 0, 0, 0, 0, 0, 0, 0)","(0, 0, 0, 0, 0, 0, 0, 0, 0, 0, 0, 0, 0, 0, 0, 0)",11,0,0,0,0,0,0,0,512,,,
0xCAFE,62723,mtk,MTK 7916,2004008412,1359675491,20MHz,0,99,0,2048,76:fc:bf:84:12:45,"(-47, 0, 0, 0, 0, 0, 0, 0, 0, 0, 0, 0, 0, 0, 0, 0)","(0, 0, 0, 0, 0, 0, 0, 0, 0, 0, 0, 0, 0, 0, 0, 0)","(0, 0, 0, 0, 0, 0, 0, 0, 0, 0, 0, 0, 0, 0, 0, 0)",11,0,0,0,0,0,0,0,512,,,
0xCAFE,62724,mtk,MTK 7916,2004008412,1359675492,20MHz,0,100,0,2048,76:fc:bf:84:12:45,"(-47, 0, 0, 0, 0, 0, 0, 0, 0, 0, 0, 0, 0, 0, 0, 0)","(0, 0, 0, 0, 0, 0, 0, 0, 0, 0, 0, 0, 0, 0, 0, 0)","(0, 0, 0, 0, 0, 0, 0, 0, 0, 0, 0, 0, 0, 0, 0, 0)",11,0,0,0,0,0,0,0,512,,,
0xCAFE,62725,mtk,MTK 7916,2004008412,1359708261,20MHz,0,101,0,2048,76:fc:bf:84:12:45,"(-47, 0, 0, 0, 0, 0, 0, 0, 0, 0, 0, 0, 0, 0, 0, 0)","(0, 0, 0, 0, 0, 0, 0, 0, 0, 0, 0, 0, 0, 0, 0, 0)","(0, 0, 0, 0, 0, 0, 0, 0, 0, 0, 0, 0, 0, 0, 0, 0)",11,0,0,0,0,0,0,0,512,,,
0xCAFE,62726,mtk,MTK 7916,2004390182,1359741024,20MHz,0,96,0,2048,76:fc:bf:84:12:45,"(-47, 0, 0, 0, 0, 0, 0, 0, 0, 0, 0, 0, 0, 0, 0, 0)","(0, 0, 0, 0, 0, 0, 0, 0, 0, 0, 0, 0, 0, 0, 0, 0)","(0, 0, 0, 0, 0, 0, 0, 0, 0, 0, 0, 0, 0, 0, 0, 0)",11,0,0,0,0,0,0,0,512,,,
0xCAFE,62727,mtk,MTK 7916,2004390182,1359741025,20MHz,0,97,0,2048,76:fc:bf:84:12:45,"(-47, 0, 0, 0, 0, 0, 0, 0, 0, 0, 0, 0, 0, 0, 0, 0)","(0, 0, 0, 0, 0, 0, 0, 0, 0, 0, 0, 0, 0, 0, 0, 0)","(0, 0, 0, 0, 0, 0, 0, 0, 0, 0, 0, 0, 0, 0, 0, 0)",11,0,0,0,0,0,0,0,512,,,
0xCAFE,62728,mtk,MTK 7916,2004390182,1359741026,20MHz,0,98,0,2048,76:fc:bf:84:12:45,"(-47, 0, 0, 0, 0, 0, 0, 0, 0, 0, 0, 0, 0, 0, 0, 0)","(0, 0, 0, 0, 0, 0, 0, 0, 0, 0, 0, 0, 0, 0, 0, 0)","(0, 0, 0, 0, 0, 0, 0, 0, 0, 0, 0, 0, 0, 0, 0, 0)",11,0,0,0,0,0,0,0,512,,,
0xCAFE,62729,mtk,MTK 7916,2004390182,1359741027,20MHz,0,99,0,2048,76:fc:bf:84:12:45,"(-47, 0, 0, 0, 0, 0, 0, 0, 0, 0, 0, 0, 0, 0, 0, 0)","(0, 0, 0, 0, 0, 0, 0, 0, 0, 0, 0, 0, 0, 0, 0, 0)","(0, 0, 0, 0, 0, 0, 0, 0, 0, 0, 0, 0, 0, 0, 0, 0)",11,0,0,0,0,0,0,0,512,,,
0xCAFE,62730,mtk,MTK 7916,2004390182,1359741028,20MHz,0,100,0,2048,76:fc:bf:84:12:45,"(-47, 0, 0, 0, 0, 0, 0, 0, 0, 0, 0, 0, 0, 0, 0, 0)","(0, 0, 0, 0, 0, 0, 0, 0, 0, 0, 0, 0, 0, 0, 0, 0)","(0, 0, 0, 0, 0, 0, 0, 0, 0, 0, 0, 0, 0, 0, 0, 0)",11,0,0,0,0,0,0,0,512,,,
0xCAFE,62731,mtk,MTK 7916,2004390182,1359773797,20MHz,0,101,0,2048,76:fc:bf:84:12:45,"(-47, 0, 0, 0, 0, 0, 0, 0, 0, 0, 0, 0, 0, 0, 0, 0)","(0, 0, 0, 0, 0, 0, 0, 0, 0, 0, 0, 0, 0, 0, 0, 0)","(0, 0, 0, 0, 0, 0, 0, 0, 0, 0, 0, 0, 0, 0, 0, 0)",11,0,0,0,0,0,0,0,512,,,
0xCAFE,62734,mtk,MTK 7916,2004509257,1359806562,20MHz,0,98,0,2048,76:fc:bf:84:12:45,"(-47, 0, 0, 0, 0, 0, 0, 0, 0, 0, 0, 0, 0, 0, 0, 0)","(0, 0, 0, 0, 0, 0, 0, 0, 0, 0, 0, 0, 0, 0, 0, 0)","(0, 0, 0, 0, 0, 0, 0, 0, 0, 0, 0, 0, 0, 0, 0, 0)",11,0,0,0,0,0,0,0,512,,,
0xCAFE,62735,mtk,MTK 7916,2004509257,1359806563,20MHz,0,99,0,2048,76:fc:bf:84:12:45,"(-47, 0, 0, 0, 0, 0, 0, 0, 0, 0, 0, 0, 0, 0, 0, 0)","(0, 0, 0, 0, 0, 0, 0, 0, 0, 0, 0, 0, 0, 0, 0, 0)","(0, 0, 0, 0, 0, 0, 0, 0, 0, 0, 0, 0, 0, 0, 0, 0)",11,0,0,0,0,0,0,0,512,,,
0xCAFE,62736,mtk,MTK 7916,2004509257,1359806564,20MHz,0,100,0,2048,76:fc:bf:84:12:45,"(-47, 0, 0, 0, 0, 0, 0, 0, 0, 0, 0, 0, 0, 0, 0, 0)","(0, 0, 0, 0, 0, 0, 0, 0, 0, 0, 0, 0, 0, 0, 0, 0)","(0, 0, 0, 0, 0, 0, 0, 0, 0, 0, 0, 0, 0, 0, 0, 0)",11,0,0,0,0,0,0,0,512,,,
0xCAFE,62737,mtk,MTK 7916,2004509257,1359839333,20MHz,0,101,0,2048,76:fc:bf:84:12:45,"(-47, 0, 0, 0, 0, 0, 0, 0, 0, 0, 0, 0, 0, 0, 0, 0)","(0, 0, 0, 0, 0, 0, 0, 0, 0, 0, 0, 0, 0, 0, 0, 0)","(0, 0, 0, 0, 0, 0, 0, 0, 0, 0, 0, 0, 0, 0, 0, 0)",11,0,0,0,0,0,0,0,512,,,
0xCAFE,62738,mtk,MTK 7916,2004892460,1359872096,20MHz,0,96,0,2048,76:fc:bf:84:12:45,"(-47, 0, 0, 0, 0, 0, 0, 0, 0, 0, 0, 0, 0, 0, 0, 0)","(0, 0, 0, 0, 0, 0, 0, 0, 0, 0, 0, 0, 0, 0, 0, 0)","(0, 0, 0, 0, 0, 0, 0, 0, 0, 0, 0, 0, 0, 0, 0, 0)",11,0,0,0,0,0,0,0,512,,,
0xCAFE,62739,mtk,MTK 7916,2004892460,1359872097,20MHz,0,97,0,2048,76:fc:bf:84:12:45,"(-47, 0, 0, 0, 0, 0, 0, 0, 0, 0, 0, 0, 0, 0, 0, 0)","(0, 0, 0, 0, 0, 0, 0, 0, 0, 0, 0, 0, 0, 0, 0, 0)","(0, 0, 0, 0, 0, 0, 0, 0, 0, 0, 0, 0, 0, 0, 0, 0)",11,0,0,0,0,0,0,0,512,,,
